Longitude,Latitude
-80.6360621212121,25.3318635353535
-80.6360621212121,25.5852503030303
-81.2337226262626,25.8386370707071
-80.6360621212121,25.8386370707071
-97.9682167676768,26.0920238383838
-97.3705562626263,26.0920238383838
-81.2337226262626,26.0920238383838
-80.6360621212121,26.0920238383838
-98.5658772727273,26.3454106060606
-97.9682167676768,26.3454106060606
-97.3705562626263,26.3454106060606
-81.8313831313131,26.3454106060606
-81.2337226262626,26.3454106060606
-80.6360621212121,26.3454106060606
-99.1635377777778,26.5987973737374
-98.5658772727273,26.5987973737374
-97.9682167676768,26.5987973737374
-81.8313831313131,26.5987973737374
-81.2337226262626,26.5987973737374
-80.6360621212121,26.5987973737374
-99.1635377777778,26.8521841414141
-98.5658772727273,26.8521841414141
-97.9682167676768,26.8521841414141
-97.3705562626263,26.8521841414141
-81.8313831313131,26.8521841414141
-81.2337226262626,26.8521841414141
-80.6360621212121,26.8521841414141
-99.1635377777778,27.1055709090909
-98.5658772727273,27.1055709090909
-97.9682167676768,27.1055709090909
-82.4290436363636,27.1055709090909
-81.8313831313131,27.1055709090909
-81.2337226262626,27.1055709090909
-80.6360621212121,27.1055709090909
-99.1635377777778,27.3589576767677
-98.5658772727273,27.3589576767677
-97.9682167676768,27.3589576767677
-82.4290436363636,27.3589576767677
-81.8313831313131,27.3589576767677
-81.2337226262626,27.3589576767677
-80.6360621212121,27.3589576767677
-99.1635377777778,27.6123444444444
-98.5658772727273,27.6123444444444
-97.9682167676768,27.6123444444444
-97.3705562626263,27.6123444444444
-82.4290436363636,27.6123444444444
-81.8313831313131,27.6123444444444
-81.2337226262626,27.6123444444444
-80.6360621212121,27.6123444444444
-99.1635377777778,27.8657312121212
-98.5658772727273,27.8657312121212
-97.9682167676768,27.8657312121212
-81.8313831313131,27.8657312121212
-81.2337226262626,27.8657312121212
-80.6360621212121,27.8657312121212
-99.1635377777778,28.119117979798
-98.5658772727273,28.119117979798
-97.9682167676768,28.119117979798
-97.3705562626263,28.119117979798
-96.7728957575758,28.119117979798
-82.4290436363636,28.119117979798
-81.8313831313131,28.119117979798
-81.2337226262626,28.119117979798
-80.6360621212121,28.119117979798
-99.1635377777778,28.3725047474747
-98.5658772727273,28.3725047474747
-97.9682167676768,28.3725047474747
-97.3705562626263,28.3725047474747
-82.4290436363636,28.3725047474747
-81.8313831313131,28.3725047474747
-81.2337226262626,28.3725047474747
-99.1635377777778,28.6258915151515
-98.5658772727273,28.6258915151515
-97.9682167676768,28.6258915151515
-97.3705562626263,28.6258915151515
-96.7728957575758,28.6258915151515
-96.1752352525253,28.6258915151515
-82.4290436363636,28.6258915151515
-81.8313831313131,28.6258915151515
-81.2337226262626,28.6258915151515
-80.6360621212121,28.6258915151515
-99.1635377777778,28.8792782828283
-98.5658772727273,28.8792782828283
-97.9682167676768,28.8792782828283
-97.3705562626263,28.8792782828283
-96.7728957575758,28.8792782828283
-96.1752352525253,28.8792782828283
-95.5775747474747,28.8792782828283
-82.4290436363636,28.8792782828283
-81.8313831313131,28.8792782828283
-81.2337226262626,28.8792782828283
-99.1635377777778,29.1326650505051
-98.5658772727273,29.1326650505051
-97.9682167676768,29.1326650505051
-97.3705562626263,29.1326650505051
-96.7728957575758,29.1326650505051
-96.1752352525253,29.1326650505051
-95.5775747474747,29.1326650505051
-90.1986302020202,29.1326650505051
-82.4290436363636,29.1326650505051
-81.8313831313131,29.1326650505051
-81.2337226262626,29.1326650505051
-99.1635377777778,29.3860518181818
-98.5658772727273,29.3860518181818
-97.9682167676768,29.3860518181818
-97.3705562626263,29.3860518181818
-96.7728957575758,29.3860518181818
-96.1752352525253,29.3860518181818
-95.5775747474747,29.3860518181818
-94.9799142424242,29.3860518181818
-90.7962907070707,29.3860518181818
-90.1986302020202,29.3860518181818
-89.6009696969697,29.3860518181818
-83.0267041414141,29.3860518181818
-82.4290436363636,29.3860518181818
-81.8313831313131,29.3860518181818
-81.2337226262626,29.3860518181818
-99.1635377777778,29.6394385858586
-98.5658772727273,29.6394385858586
-97.9682167676768,29.6394385858586
-97.3705562626263,29.6394385858586
-96.7728957575758,29.6394385858586
-96.1752352525253,29.6394385858586
-95.5775747474747,29.6394385858586
-94.3822537373737,29.6394385858586
-92.5892722222222,29.6394385858586
-91.3939512121212,29.6394385858586
-90.7962907070707,29.6394385858586
-90.1986302020202,29.6394385858586
-83.0267041414141,29.6394385858586
-82.4290436363636,29.6394385858586
-81.8313831313131,29.6394385858586
-81.2337226262626,29.6394385858586
-99.1635377777778,29.8928253535354
-98.5658772727273,29.8928253535354
-97.9682167676768,29.8928253535354
-97.3705562626263,29.8928253535354
-96.7728957575758,29.8928253535354
-96.1752352525253,29.8928253535354
-95.5775747474747,29.8928253535354
-94.9799142424242,29.8928253535354
-94.3822537373737,29.8928253535354
-93.1869327272727,29.8928253535354
-92.5892722222222,29.8928253535354
-91.9916117171717,29.8928253535354
-91.3939512121212,29.8928253535354
-90.7962907070707,29.8928253535354
-90.1986302020202,29.8928253535354
-84.8196856565657,29.8928253535354
-83.6243646464646,29.8928253535354
-83.0267041414141,29.8928253535354
-82.4290436363636,29.8928253535354
-81.8313831313131,29.8928253535354
-99.1635377777778,30.1462121212121
-98.5658772727273,30.1462121212121
-97.9682167676768,30.1462121212121
-97.3705562626263,30.1462121212121
-96.7728957575758,30.1462121212121
-96.1752352525253,30.1462121212121
-95.5775747474747,30.1462121212121
-94.9799142424242,30.1462121212121
-94.3822537373737,30.1462121212121
-93.7845932323232,30.1462121212121
-93.1869327272727,30.1462121212121
-92.5892722222222,30.1462121212121
-91.9916117171717,30.1462121212121
-91.3939512121212,30.1462121212121
-90.7962907070707,30.1462121212121
-85.4173461616162,30.1462121212121
-84.8196856565657,30.1462121212121
-84.2220251515151,30.1462121212121
-83.6243646464646,30.1462121212121
-83.0267041414141,30.1462121212121
-82.4290436363636,30.1462121212121
-81.8313831313131,30.1462121212121
-99.1635377777778,30.3995988888889
-98.5658772727273,30.3995988888889
-97.9682167676768,30.3995988888889
-97.3705562626263,30.3995988888889
-96.7728957575758,30.3995988888889
-96.1752352525253,30.3995988888889
-95.5775747474747,30.3995988888889
-94.9799142424242,30.3995988888889
-94.3822537373737,30.3995988888889
-93.7845932323232,30.3995988888889
-93.1869327272727,30.3995988888889
-92.5892722222222,30.3995988888889
-91.9916117171717,30.3995988888889
-91.3939512121212,30.3995988888889
-90.7962907070707,30.3995988888889
-90.1986302020202,30.3995988888889
-89.6009696969697,30.3995988888889
-89.0033091919192,30.3995988888889
-88.4056486868687,30.3995988888889
-87.8079881818182,30.3995988888889
-86.6126671717172,30.3995988888889
-86.0150066666667,30.3995988888889
-85.4173461616162,30.3995988888889
-84.8196856565657,30.3995988888889
-84.2220251515151,30.3995988888889
-83.6243646464646,30.3995988888889
-83.0267041414141,30.3995988888889
-82.4290436363636,30.3995988888889
-81.8313831313131,30.3995988888889
-99.1635377777778,30.6529856565657
-98.5658772727273,30.6529856565657
-97.9682167676768,30.6529856565657
-97.3705562626263,30.6529856565657
-96.7728957575758,30.6529856565657
-96.1752352525253,30.6529856565657
-95.5775747474747,30.6529856565657
-94.9799142424242,30.6529856565657
-94.3822537373737,30.6529856565657
-93.7845932323232,30.6529856565657
-93.1869327272727,30.6529856565657
-92.5892722222222,30.6529856565657
-91.9916117171717,30.6529856565657
-91.3939512121212,30.6529856565657
-90.7962907070707,30.6529856565657
-90.1986302020202,30.6529856565657
-89.6009696969697,30.6529856565657
-89.0033091919192,30.6529856565657
-88.4056486868687,30.6529856565657
-87.8079881818182,30.6529856565657
-87.2103276767677,30.6529856565657
-86.6126671717172,30.6529856565657
-86.0150066666667,30.6529856565657
-85.4173461616162,30.6529856565657
-84.8196856565657,30.6529856565657
-84.2220251515151,30.6529856565657
-83.6243646464646,30.6529856565657
-83.0267041414141,30.6529856565657
-82.4290436363636,30.6529856565657
-81.8313831313131,30.6529856565657
-99.1635377777778,30.9063724242424
-98.5658772727273,30.9063724242424
-97.9682167676768,30.9063724242424
-97.3705562626263,30.9063724242424
-96.7728957575758,30.9063724242424
-96.1752352525253,30.9063724242424
-95.5775747474747,30.9063724242424
-94.9799142424242,30.9063724242424
-94.3822537373737,30.9063724242424
-93.7845932323232,30.9063724242424
-93.1869327272727,30.9063724242424
-92.5892722222222,30.9063724242424
-91.9916117171717,30.9063724242424
-91.3939512121212,30.9063724242424
-90.7962907070707,30.9063724242424
-90.1986302020202,30.9063724242424
-89.6009696969697,30.9063724242424
-89.0033091919192,30.9063724242424
-88.4056486868687,30.9063724242424
-87.8079881818182,30.9063724242424
-87.2103276767677,30.9063724242424
-86.6126671717172,30.9063724242424
-86.0150066666667,30.9063724242424
-85.4173461616162,30.9063724242424
-84.8196856565657,30.9063724242424
-84.2220251515151,30.9063724242424
-83.6243646464646,30.9063724242424
-83.0267041414141,30.9063724242424
-82.4290436363636,30.9063724242424
-81.8313831313131,30.9063724242424
-99.1635377777778,31.1597591919192
-98.5658772727273,31.1597591919192
-97.9682167676768,31.1597591919192
-97.3705562626263,31.1597591919192
-96.7728957575758,31.1597591919192
-96.1752352525253,31.1597591919192
-95.5775747474747,31.1597591919192
-94.9799142424242,31.1597591919192
-94.3822537373737,31.1597591919192
-93.7845932323232,31.1597591919192
-93.1869327272727,31.1597591919192
-92.5892722222222,31.1597591919192
-91.9916117171717,31.1597591919192
-91.3939512121212,31.1597591919192
-90.7962907070707,31.1597591919192
-90.1986302020202,31.1597591919192
-89.6009696969697,31.1597591919192
-89.0033091919192,31.1597591919192
-88.4056486868687,31.1597591919192
-87.8079881818182,31.1597591919192
-87.2103276767677,31.1597591919192
-86.6126671717172,31.1597591919192
-86.0150066666667,31.1597591919192
-85.4173461616162,31.1597591919192
-84.8196856565657,31.1597591919192
-84.2220251515151,31.1597591919192
-83.6243646464646,31.1597591919192
-83.0267041414141,31.1597591919192
-82.4290436363636,31.1597591919192
-81.8313831313131,31.1597591919192
-99.1635377777778,31.413145959596
-98.5658772727273,31.413145959596
-97.9682167676768,31.413145959596
-97.3705562626263,31.413145959596
-96.7728957575758,31.413145959596
-96.1752352525253,31.413145959596
-95.5775747474747,31.413145959596
-94.9799142424242,31.413145959596
-94.3822537373737,31.413145959596
-93.7845932323232,31.413145959596
-93.1869327272727,31.413145959596
-92.5892722222222,31.413145959596
-91.9916117171717,31.413145959596
-91.3939512121212,31.413145959596
-90.7962907070707,31.413145959596
-90.1986302020202,31.413145959596
-89.6009696969697,31.413145959596
-89.0033091919192,31.413145959596
-88.4056486868687,31.413145959596
-87.8079881818182,31.413145959596
-87.2103276767677,31.413145959596
-86.6126671717172,31.413145959596
-86.0150066666667,31.413145959596
-85.4173461616162,31.413145959596
-84.8196856565657,31.413145959596
-84.2220251515151,31.413145959596
-83.6243646464646,31.413145959596
-83.0267041414141,31.413145959596
-82.4290436363636,31.413145959596
-81.8313831313131,31.413145959596
-99.1635377777778,31.6665327272727
-98.5658772727273,31.6665327272727
-97.9682167676768,31.6665327272727
-97.3705562626263,31.6665327272727
-96.7728957575758,31.6665327272727
-96.1752352525253,31.6665327272727
-95.5775747474747,31.6665327272727
-94.9799142424242,31.6665327272727
-94.3822537373737,31.6665327272727
-93.7845932323232,31.6665327272727
-93.1869327272727,31.6665327272727
-92.5892722222222,31.6665327272727
-91.9916117171717,31.6665327272727
-91.3939512121212,31.6665327272727
-90.7962907070707,31.6665327272727
-90.1986302020202,31.6665327272727
-89.6009696969697,31.6665327272727
-89.0033091919192,31.6665327272727
-88.4056486868687,31.6665327272727
-87.8079881818182,31.6665327272727
-87.2103276767677,31.6665327272727
-86.6126671717172,31.6665327272727
-86.0150066666667,31.6665327272727
-85.4173461616162,31.6665327272727
-84.8196856565657,31.6665327272727
-84.2220251515151,31.6665327272727
-83.6243646464646,31.6665327272727
-83.0267041414141,31.6665327272727
-82.4290436363636,31.6665327272727
-81.8313831313131,31.6665327272727
-81.2337226262626,31.6665327272727
-99.1635377777778,31.9199194949495
-98.5658772727273,31.9199194949495
-97.9682167676768,31.9199194949495
-97.3705562626263,31.9199194949495
-96.7728957575758,31.9199194949495
-96.1752352525253,31.9199194949495
-95.5775747474747,31.9199194949495
-94.9799142424242,31.9199194949495
-94.3822537373737,31.9199194949495
-93.7845932323232,31.9199194949495
-93.1869327272727,31.9199194949495
-92.5892722222222,31.9199194949495
-91.9916117171717,31.9199194949495
-91.3939512121212,31.9199194949495
-90.7962907070707,31.9199194949495
-90.1986302020202,31.9199194949495
-89.6009696969697,31.9199194949495
-89.0033091919192,31.9199194949495
-88.4056486868687,31.9199194949495
-87.8079881818182,31.9199194949495
-87.2103276767677,31.9199194949495
-86.6126671717172,31.9199194949495
-86.0150066666667,31.9199194949495
-85.4173461616162,31.9199194949495
-84.8196856565657,31.9199194949495
-84.2220251515151,31.9199194949495
-83.6243646464646,31.9199194949495
-83.0267041414141,31.9199194949495
-82.4290436363636,31.9199194949495
-81.8313831313131,31.9199194949495
-81.2337226262626,31.9199194949495
-99.1635377777778,32.1733062626263
-98.5658772727273,32.1733062626263
-97.9682167676768,32.1733062626263
-97.3705562626263,32.1733062626263
-96.7728957575758,32.1733062626263
-96.1752352525253,32.1733062626263
-95.5775747474747,32.1733062626263
-94.9799142424242,32.1733062626263
-94.3822537373737,32.1733062626263
-93.7845932323232,32.1733062626263
-93.1869327272727,32.1733062626263
-92.5892722222222,32.1733062626263
-91.9916117171717,32.1733062626263
-91.3939512121212,32.1733062626263
-90.7962907070707,32.1733062626263
-90.1986302020202,32.1733062626263
-89.6009696969697,32.1733062626263
-89.0033091919192,32.1733062626263
-88.4056486868687,32.1733062626263
-87.8079881818182,32.1733062626263
-87.2103276767677,32.1733062626263
-86.6126671717172,32.1733062626263
-86.0150066666667,32.1733062626263
-85.4173461616162,32.1733062626263
-84.8196856565657,32.1733062626263
-84.2220251515151,32.1733062626263
-83.6243646464646,32.1733062626263
-83.0267041414141,32.1733062626263
-82.4290436363636,32.1733062626263
-81.8313831313131,32.1733062626263
-81.2337226262626,32.1733062626263
-99.1635377777778,32.426693030303
-98.5658772727273,32.426693030303
-97.9682167676768,32.426693030303
-97.3705562626263,32.426693030303
-96.7728957575758,32.426693030303
-96.1752352525253,32.426693030303
-95.5775747474747,32.426693030303
-94.9799142424242,32.426693030303
-94.3822537373737,32.426693030303
-93.7845932323232,32.426693030303
-93.1869327272727,32.426693030303
-92.5892722222222,32.426693030303
-91.9916117171717,32.426693030303
-91.3939512121212,32.426693030303
-90.7962907070707,32.426693030303
-90.1986302020202,32.426693030303
-89.6009696969697,32.426693030303
-89.0033091919192,32.426693030303
-88.4056486868687,32.426693030303
-87.8079881818182,32.426693030303
-87.2103276767677,32.426693030303
-86.6126671717172,32.426693030303
-86.0150066666667,32.426693030303
-85.4173461616162,32.426693030303
-84.8196856565657,32.426693030303
-84.2220251515151,32.426693030303
-83.6243646464646,32.426693030303
-83.0267041414141,32.426693030303
-82.4290436363636,32.426693030303
-81.8313831313131,32.426693030303
-81.2337226262626,32.426693030303
-80.6360621212121,32.426693030303
-99.1635377777778,32.6800797979798
-98.5658772727273,32.6800797979798
-97.9682167676768,32.6800797979798
-97.3705562626263,32.6800797979798
-96.7728957575758,32.6800797979798
-96.1752352525253,32.6800797979798
-95.5775747474747,32.6800797979798
-94.9799142424242,32.6800797979798
-94.3822537373737,32.6800797979798
-93.7845932323232,32.6800797979798
-93.1869327272727,32.6800797979798
-92.5892722222222,32.6800797979798
-91.9916117171717,32.6800797979798
-91.3939512121212,32.6800797979798
-90.7962907070707,32.6800797979798
-90.1986302020202,32.6800797979798
-89.6009696969697,32.6800797979798
-89.0033091919192,32.6800797979798
-88.4056486868687,32.6800797979798
-87.8079881818182,32.6800797979798
-87.2103276767677,32.6800797979798
-86.6126671717172,32.6800797979798
-86.0150066666667,32.6800797979798
-85.4173461616162,32.6800797979798
-84.8196856565657,32.6800797979798
-84.2220251515151,32.6800797979798
-83.6243646464646,32.6800797979798
-83.0267041414141,32.6800797979798
-82.4290436363636,32.6800797979798
-81.8313831313131,32.6800797979798
-81.2337226262626,32.6800797979798
-80.6360621212121,32.6800797979798
-80.0384016161616,32.6800797979798
-99.1635377777778,32.9334665656566
-98.5658772727273,32.9334665656566
-97.9682167676768,32.9334665656566
-97.3705562626263,32.9334665656566
-96.7728957575758,32.9334665656566
-96.1752352525253,32.9334665656566
-95.5775747474747,32.9334665656566
-94.9799142424242,32.9334665656566
-94.3822537373737,32.9334665656566
-93.7845932323232,32.9334665656566
-93.1869327272727,32.9334665656566
-92.5892722222222,32.9334665656566
-91.9916117171717,32.9334665656566
-91.3939512121212,32.9334665656566
-90.7962907070707,32.9334665656566
-90.1986302020202,32.9334665656566
-89.6009696969697,32.9334665656566
-89.0033091919192,32.9334665656566
-88.4056486868687,32.9334665656566
-87.8079881818182,32.9334665656566
-87.2103276767677,32.9334665656566
-86.6126671717172,32.9334665656566
-86.0150066666667,32.9334665656566
-85.4173461616162,32.9334665656566
-84.8196856565657,32.9334665656566
-84.2220251515151,32.9334665656566
-83.6243646464646,32.9334665656566
-83.0267041414141,32.9334665656566
-82.4290436363636,32.9334665656566
-81.8313831313131,32.9334665656566
-81.2337226262626,32.9334665656566
-80.6360621212121,32.9334665656566
-80.0384016161616,32.9334665656566
-99.1635377777778,33.1868533333333
-98.5658772727273,33.1868533333333
-97.9682167676768,33.1868533333333
-97.3705562626263,33.1868533333333
-96.7728957575758,33.1868533333333
-96.1752352525253,33.1868533333333
-95.5775747474747,33.1868533333333
-94.9799142424242,33.1868533333333
-94.3822537373737,33.1868533333333
-93.7845932323232,33.1868533333333
-93.1869327272727,33.1868533333333
-92.5892722222222,33.1868533333333
-91.9916117171717,33.1868533333333
-91.3939512121212,33.1868533333333
-90.7962907070707,33.1868533333333
-90.1986302020202,33.1868533333333
-89.6009696969697,33.1868533333333
-89.0033091919192,33.1868533333333
-88.4056486868687,33.1868533333333
-87.8079881818182,33.1868533333333
-87.2103276767677,33.1868533333333
-86.6126671717172,33.1868533333333
-86.0150066666667,33.1868533333333
-85.4173461616162,33.1868533333333
-84.8196856565657,33.1868533333333
-84.2220251515151,33.1868533333333
-83.6243646464646,33.1868533333333
-83.0267041414141,33.1868533333333
-82.4290436363636,33.1868533333333
-81.8313831313131,33.1868533333333
-81.2337226262626,33.1868533333333
-80.6360621212121,33.1868533333333
-80.0384016161616,33.1868533333333
-79.4407411111111,33.1868533333333
-99.1635377777778,33.4402401010101
-98.5658772727273,33.4402401010101
-97.9682167676768,33.4402401010101
-97.3705562626263,33.4402401010101
-96.7728957575758,33.4402401010101
-96.1752352525253,33.4402401010101
-95.5775747474747,33.4402401010101
-94.9799142424242,33.4402401010101
-94.3822537373737,33.4402401010101
-93.7845932323232,33.4402401010101
-93.1869327272727,33.4402401010101
-92.5892722222222,33.4402401010101
-91.9916117171717,33.4402401010101
-91.3939512121212,33.4402401010101
-90.7962907070707,33.4402401010101
-90.1986302020202,33.4402401010101
-89.6009696969697,33.4402401010101
-89.0033091919192,33.4402401010101
-88.4056486868687,33.4402401010101
-87.8079881818182,33.4402401010101
-87.2103276767677,33.4402401010101
-86.6126671717172,33.4402401010101
-86.0150066666667,33.4402401010101
-85.4173461616162,33.4402401010101
-84.8196856565657,33.4402401010101
-84.2220251515151,33.4402401010101
-83.6243646464646,33.4402401010101
-83.0267041414141,33.4402401010101
-82.4290436363636,33.4402401010101
-81.8313831313131,33.4402401010101
-81.2337226262626,33.4402401010101
-80.6360621212121,33.4402401010101
-80.0384016161616,33.4402401010101
-79.4407411111111,33.4402401010101
-99.1635377777778,33.6936268686869
-98.5658772727273,33.6936268686869
-97.9682167676768,33.6936268686869
-97.3705562626263,33.6936268686869
-96.7728957575758,33.6936268686869
-96.1752352525253,33.6936268686869
-95.5775747474747,33.6936268686869
-94.9799142424242,33.6936268686869
-94.3822537373737,33.6936268686869
-93.7845932323232,33.6936268686869
-93.1869327272727,33.6936268686869
-92.5892722222222,33.6936268686869
-91.9916117171717,33.6936268686869
-91.3939512121212,33.6936268686869
-90.7962907070707,33.6936268686869
-90.1986302020202,33.6936268686869
-89.6009696969697,33.6936268686869
-89.0033091919192,33.6936268686869
-88.4056486868687,33.6936268686869
-87.8079881818182,33.6936268686869
-87.2103276767677,33.6936268686869
-86.6126671717172,33.6936268686869
-86.0150066666667,33.6936268686869
-85.4173461616162,33.6936268686869
-84.8196856565657,33.6936268686869
-84.2220251515151,33.6936268686869
-83.6243646464646,33.6936268686869
-83.0267041414141,33.6936268686869
-82.4290436363636,33.6936268686869
-81.8313831313131,33.6936268686869
-81.2337226262626,33.6936268686869
-80.6360621212121,33.6936268686869
-80.0384016161616,33.6936268686869
-79.4407411111111,33.6936268686869
-99.1635377777778,33.9470136363636
-98.5658772727273,33.9470136363636
-97.9682167676768,33.9470136363636
-97.3705562626263,33.9470136363636
-96.7728957575758,33.9470136363636
-96.1752352525253,33.9470136363636
-95.5775747474747,33.9470136363636
-94.9799142424242,33.9470136363636
-94.3822537373737,33.9470136363636
-93.7845932323232,33.9470136363636
-93.1869327272727,33.9470136363636
-92.5892722222222,33.9470136363636
-91.9916117171717,33.9470136363636
-91.3939512121212,33.9470136363636
-90.7962907070707,33.9470136363636
-90.1986302020202,33.9470136363636
-89.6009696969697,33.9470136363636
-89.0033091919192,33.9470136363636
-88.4056486868687,33.9470136363636
-87.8079881818182,33.9470136363636
-87.2103276767677,33.9470136363636
-86.6126671717172,33.9470136363636
-86.0150066666667,33.9470136363636
-85.4173461616162,33.9470136363636
-84.8196856565657,33.9470136363636
-84.2220251515151,33.9470136363636
-83.6243646464646,33.9470136363636
-83.0267041414141,33.9470136363636
-82.4290436363636,33.9470136363636
-81.8313831313131,33.9470136363636
-81.2337226262626,33.9470136363636
-80.6360621212121,33.9470136363636
-80.0384016161616,33.9470136363636
-79.4407411111111,33.9470136363636
-78.8430806060606,33.9470136363636
-78.2454201010101,33.9470136363636
-99.1635377777778,34.2004004040404
-98.5658772727273,34.2004004040404
-97.9682167676768,34.2004004040404
-97.3705562626263,34.2004004040404
-96.7728957575758,34.2004004040404
-96.1752352525253,34.2004004040404
-95.5775747474747,34.2004004040404
-94.9799142424242,34.2004004040404
-94.3822537373737,34.2004004040404
-93.7845932323232,34.2004004040404
-93.1869327272727,34.2004004040404
-92.5892722222222,34.2004004040404
-91.9916117171717,34.2004004040404
-91.3939512121212,34.2004004040404
-90.7962907070707,34.2004004040404
-90.1986302020202,34.2004004040404
-89.6009696969697,34.2004004040404
-89.0033091919192,34.2004004040404
-88.4056486868687,34.2004004040404
-87.8079881818182,34.2004004040404
-87.2103276767677,34.2004004040404
-86.6126671717172,34.2004004040404
-86.0150066666667,34.2004004040404
-85.4173461616162,34.2004004040404
-84.8196856565657,34.2004004040404
-84.2220251515151,34.2004004040404
-83.6243646464646,34.2004004040404
-83.0267041414141,34.2004004040404
-82.4290436363636,34.2004004040404
-81.8313831313131,34.2004004040404
-81.2337226262626,34.2004004040404
-80.6360621212121,34.2004004040404
-80.0384016161616,34.2004004040404
-79.4407411111111,34.2004004040404
-78.8430806060606,34.2004004040404
-78.2454201010101,34.2004004040404
-99.1635377777778,34.4537871717172
-98.5658772727273,34.4537871717172
-97.9682167676768,34.4537871717172
-97.3705562626263,34.4537871717172
-96.7728957575758,34.4537871717172
-96.1752352525253,34.4537871717172
-95.5775747474747,34.4537871717172
-94.9799142424242,34.4537871717172
-94.3822537373737,34.4537871717172
-93.7845932323232,34.4537871717172
-93.1869327272727,34.4537871717172
-92.5892722222222,34.4537871717172
-91.9916117171717,34.4537871717172
-91.3939512121212,34.4537871717172
-90.7962907070707,34.4537871717172
-90.1986302020202,34.4537871717172
-89.6009696969697,34.4537871717172
-89.0033091919192,34.4537871717172
-88.4056486868687,34.4537871717172
-87.8079881818182,34.4537871717172
-87.2103276767677,34.4537871717172
-86.6126671717172,34.4537871717172
-86.0150066666667,34.4537871717172
-85.4173461616162,34.4537871717172
-84.8196856565657,34.4537871717172
-84.2220251515151,34.4537871717172
-83.6243646464646,34.4537871717172
-83.0267041414141,34.4537871717172
-82.4290436363636,34.4537871717172
-81.8313831313131,34.4537871717172
-81.2337226262626,34.4537871717172
-80.6360621212121,34.4537871717172
-80.0384016161616,34.4537871717172
-79.4407411111111,34.4537871717172
-78.8430806060606,34.4537871717172
-78.2454201010101,34.4537871717172
-77.6477595959596,34.4537871717172
-99.1635377777778,34.7071739393939
-98.5658772727273,34.7071739393939
-97.9682167676768,34.7071739393939
-97.3705562626263,34.7071739393939
-96.7728957575758,34.7071739393939
-96.1752352525253,34.7071739393939
-95.5775747474747,34.7071739393939
-94.9799142424242,34.7071739393939
-94.3822537373737,34.7071739393939
-93.7845932323232,34.7071739393939
-93.1869327272727,34.7071739393939
-92.5892722222222,34.7071739393939
-91.9916117171717,34.7071739393939
-91.3939512121212,34.7071739393939
-90.7962907070707,34.7071739393939
-90.1986302020202,34.7071739393939
-89.6009696969697,34.7071739393939
-89.0033091919192,34.7071739393939
-88.4056486868687,34.7071739393939
-87.8079881818182,34.7071739393939
-87.2103276767677,34.7071739393939
-86.6126671717172,34.7071739393939
-86.0150066666667,34.7071739393939
-85.4173461616162,34.7071739393939
-84.8196856565657,34.7071739393939
-84.2220251515151,34.7071739393939
-83.6243646464646,34.7071739393939
-83.0267041414141,34.7071739393939
-82.4290436363636,34.7071739393939
-81.8313831313131,34.7071739393939
-81.2337226262626,34.7071739393939
-80.6360621212121,34.7071739393939
-80.0384016161616,34.7071739393939
-79.4407411111111,34.7071739393939
-78.8430806060606,34.7071739393939
-78.2454201010101,34.7071739393939
-77.6477595959596,34.7071739393939
-77.0500990909091,34.7071739393939
-99.1635377777778,34.9605607070707
-98.5658772727273,34.9605607070707
-97.9682167676768,34.9605607070707
-97.3705562626263,34.9605607070707
-96.7728957575758,34.9605607070707
-96.1752352525253,34.9605607070707
-95.5775747474747,34.9605607070707
-94.9799142424242,34.9605607070707
-94.3822537373737,34.9605607070707
-93.7845932323232,34.9605607070707
-93.1869327272727,34.9605607070707
-92.5892722222222,34.9605607070707
-91.9916117171717,34.9605607070707
-91.3939512121212,34.9605607070707
-90.7962907070707,34.9605607070707
-90.1986302020202,34.9605607070707
-89.6009696969697,34.9605607070707
-89.0033091919192,34.9605607070707
-88.4056486868687,34.9605607070707
-87.8079881818182,34.9605607070707
-87.2103276767677,34.9605607070707
-86.6126671717172,34.9605607070707
-86.0150066666667,34.9605607070707
-85.4173461616162,34.9605607070707
-84.8196856565657,34.9605607070707
-84.2220251515151,34.9605607070707
-83.6243646464646,34.9605607070707
-83.0267041414141,34.9605607070707
-82.4290436363636,34.9605607070707
-81.8313831313131,34.9605607070707
-81.2337226262626,34.9605607070707
-80.6360621212121,34.9605607070707
-80.0384016161616,34.9605607070707
-79.4407411111111,34.9605607070707
-78.8430806060606,34.9605607070707
-78.2454201010101,34.9605607070707
-77.6477595959596,34.9605607070707
-77.0500990909091,34.9605607070707
-76.4524385858586,34.9605607070707
-99.1635377777778,35.2139474747475
-98.5658772727273,35.2139474747475
-97.9682167676768,35.2139474747475
-97.3705562626263,35.2139474747475
-96.7728957575758,35.2139474747475
-96.1752352525253,35.2139474747475
-95.5775747474747,35.2139474747475
-94.9799142424242,35.2139474747475
-94.3822537373737,35.2139474747475
-93.7845932323232,35.2139474747475
-93.1869327272727,35.2139474747475
-92.5892722222222,35.2139474747475
-91.9916117171717,35.2139474747475
-91.3939512121212,35.2139474747475
-90.7962907070707,35.2139474747475
-90.1986302020202,35.2139474747475
-89.6009696969697,35.2139474747475
-89.0033091919192,35.2139474747475
-88.4056486868687,35.2139474747475
-87.8079881818182,35.2139474747475
-87.2103276767677,35.2139474747475
-86.6126671717172,35.2139474747475
-86.0150066666667,35.2139474747475
-85.4173461616162,35.2139474747475
-84.8196856565657,35.2139474747475
-84.2220251515151,35.2139474747475
-83.6243646464646,35.2139474747475
-83.0267041414141,35.2139474747475
-82.4290436363636,35.2139474747475
-81.8313831313131,35.2139474747475
-81.2337226262626,35.2139474747475
-80.6360621212121,35.2139474747475
-80.0384016161616,35.2139474747475
-79.4407411111111,35.2139474747475
-78.8430806060606,35.2139474747475
-78.2454201010101,35.2139474747475
-77.6477595959596,35.2139474747475
-77.0500990909091,35.2139474747475
-99.1635377777778,35.4673342424242
-98.5658772727273,35.4673342424242
-97.9682167676768,35.4673342424242
-97.3705562626263,35.4673342424242
-96.7728957575758,35.4673342424242
-96.1752352525253,35.4673342424242
-95.5775747474747,35.4673342424242
-94.9799142424242,35.4673342424242
-94.3822537373737,35.4673342424242
-93.7845932323232,35.4673342424242
-93.1869327272727,35.4673342424242
-92.5892722222222,35.4673342424242
-91.9916117171717,35.4673342424242
-91.3939512121212,35.4673342424242
-90.7962907070707,35.4673342424242
-90.1986302020202,35.4673342424242
-89.6009696969697,35.4673342424242
-89.0033091919192,35.4673342424242
-88.4056486868687,35.4673342424242
-87.8079881818182,35.4673342424242
-87.2103276767677,35.4673342424242
-86.6126671717172,35.4673342424242
-86.0150066666667,35.4673342424242
-85.4173461616162,35.4673342424242
-84.8196856565657,35.4673342424242
-84.2220251515151,35.4673342424242
-83.6243646464646,35.4673342424242
-83.0267041414141,35.4673342424242
-82.4290436363636,35.4673342424242
-81.8313831313131,35.4673342424242
-81.2337226262626,35.4673342424242
-80.6360621212121,35.4673342424242
-80.0384016161616,35.4673342424242
-79.4407411111111,35.4673342424242
-78.8430806060606,35.4673342424242
-78.2454201010101,35.4673342424242
-77.6477595959596,35.4673342424242
-77.0500990909091,35.4673342424242
-76.4524385858586,35.4673342424242
-99.1635377777778,35.720721010101
-98.5658772727273,35.720721010101
-97.9682167676768,35.720721010101
-97.3705562626263,35.720721010101
-96.7728957575758,35.720721010101
-96.1752352525253,35.720721010101
-95.5775747474747,35.720721010101
-94.9799142424242,35.720721010101
-94.3822537373737,35.720721010101
-93.7845932323232,35.720721010101
-93.1869327272727,35.720721010101
-92.5892722222222,35.720721010101
-91.9916117171717,35.720721010101
-91.3939512121212,35.720721010101
-90.7962907070707,35.720721010101
-90.1986302020202,35.720721010101
-89.6009696969697,35.720721010101
-89.0033091919192,35.720721010101
-88.4056486868687,35.720721010101
-87.8079881818182,35.720721010101
-87.2103276767677,35.720721010101
-86.6126671717172,35.720721010101
-86.0150066666667,35.720721010101
-85.4173461616162,35.720721010101
-84.8196856565657,35.720721010101
-84.2220251515151,35.720721010101
-83.6243646464646,35.720721010101
-83.0267041414141,35.720721010101
-82.4290436363636,35.720721010101
-81.8313831313131,35.720721010101
-81.2337226262626,35.720721010101
-80.6360621212121,35.720721010101
-80.0384016161616,35.720721010101
-79.4407411111111,35.720721010101
-78.8430806060606,35.720721010101
-78.2454201010101,35.720721010101
-77.6477595959596,35.720721010101
-77.0500990909091,35.720721010101
-76.4524385858586,35.720721010101
-75.8547780808081,35.720721010101
-99.1635377777778,35.9741077777778
-98.5658772727273,35.9741077777778
-97.9682167676768,35.9741077777778
-97.3705562626263,35.9741077777778
-96.7728957575758,35.9741077777778
-96.1752352525253,35.9741077777778
-95.5775747474747,35.9741077777778
-94.9799142424242,35.9741077777778
-94.3822537373737,35.9741077777778
-93.7845932323232,35.9741077777778
-93.1869327272727,35.9741077777778
-92.5892722222222,35.9741077777778
-91.9916117171717,35.9741077777778
-91.3939512121212,35.9741077777778
-90.7962907070707,35.9741077777778
-90.1986302020202,35.9741077777778
-89.6009696969697,35.9741077777778
-89.0033091919192,35.9741077777778
-88.4056486868687,35.9741077777778
-87.8079881818182,35.9741077777778
-87.2103276767677,35.9741077777778
-86.6126671717172,35.9741077777778
-86.0150066666667,35.9741077777778
-85.4173461616162,35.9741077777778
-84.8196856565657,35.9741077777778
-84.2220251515151,35.9741077777778
-83.6243646464646,35.9741077777778
-83.0267041414141,35.9741077777778
-82.4290436363636,35.9741077777778
-81.8313831313131,35.9741077777778
-81.2337226262626,35.9741077777778
-80.6360621212121,35.9741077777778
-80.0384016161616,35.9741077777778
-79.4407411111111,35.9741077777778
-78.8430806060606,35.9741077777778
-78.2454201010101,35.9741077777778
-77.6477595959596,35.9741077777778
-77.0500990909091,35.9741077777778
-99.1635377777778,36.2274945454545
-98.5658772727273,36.2274945454545
-97.9682167676768,36.2274945454545
-97.3705562626263,36.2274945454545
-96.7728957575758,36.2274945454545
-96.1752352525253,36.2274945454545
-95.5775747474747,36.2274945454545
-94.9799142424242,36.2274945454545
-94.3822537373737,36.2274945454545
-93.7845932323232,36.2274945454545
-93.1869327272727,36.2274945454545
-92.5892722222222,36.2274945454545
-91.9916117171717,36.2274945454545
-91.3939512121212,36.2274945454545
-90.7962907070707,36.2274945454545
-90.1986302020202,36.2274945454545
-89.6009696969697,36.2274945454545
-89.0033091919192,36.2274945454545
-88.4056486868687,36.2274945454545
-87.8079881818182,36.2274945454545
-87.2103276767677,36.2274945454545
-86.6126671717172,36.2274945454545
-86.0150066666667,36.2274945454545
-85.4173461616162,36.2274945454545
-84.8196856565657,36.2274945454545
-84.2220251515151,36.2274945454545
-83.6243646464646,36.2274945454545
-83.0267041414141,36.2274945454545
-82.4290436363636,36.2274945454545
-81.8313831313131,36.2274945454545
-81.2337226262626,36.2274945454545
-80.6360621212121,36.2274945454545
-80.0384016161616,36.2274945454545
-79.4407411111111,36.2274945454545
-78.8430806060606,36.2274945454545
-78.2454201010101,36.2274945454545
-77.6477595959596,36.2274945454545
-77.0500990909091,36.2274945454545
-76.4524385858586,36.2274945454545
-99.1635377777778,36.4808813131313
-98.5658772727273,36.4808813131313
-97.9682167676768,36.4808813131313
-97.3705562626263,36.4808813131313
-96.7728957575758,36.4808813131313
-96.1752352525253,36.4808813131313
-95.5775747474747,36.4808813131313
-94.9799142424242,36.4808813131313
-94.3822537373737,36.4808813131313
-93.7845932323232,36.4808813131313
-93.1869327272727,36.4808813131313
-92.5892722222222,36.4808813131313
-91.9916117171717,36.4808813131313
-91.3939512121212,36.4808813131313
-90.7962907070707,36.4808813131313
-90.1986302020202,36.4808813131313
-89.6009696969697,36.4808813131313
-89.0033091919192,36.4808813131313
-88.4056486868687,36.4808813131313
-87.8079881818182,36.4808813131313
-87.2103276767677,36.4808813131313
-86.6126671717172,36.4808813131313
-86.0150066666667,36.4808813131313
-85.4173461616162,36.4808813131313
-84.8196856565657,36.4808813131313
-84.2220251515151,36.4808813131313
-83.6243646464646,36.4808813131313
-83.0267041414141,36.4808813131313
-82.4290436363636,36.4808813131313
-81.8313831313131,36.4808813131313
-81.2337226262626,36.4808813131313
-80.6360621212121,36.4808813131313
-80.0384016161616,36.4808813131313
-79.4407411111111,36.4808813131313
-78.8430806060606,36.4808813131313
-78.2454201010101,36.4808813131313
-77.6477595959596,36.4808813131313
-77.0500990909091,36.4808813131313
-76.4524385858586,36.4808813131313
-75.8547780808081,36.4808813131313
-99.1635377777778,36.7342680808081
-98.5658772727273,36.7342680808081
-97.9682167676768,36.7342680808081
-97.3705562626263,36.7342680808081
-96.7728957575758,36.7342680808081
-96.1752352525253,36.7342680808081
-95.5775747474747,36.7342680808081
-94.9799142424242,36.7342680808081
-94.3822537373737,36.7342680808081
-93.7845932323232,36.7342680808081
-93.1869327272727,36.7342680808081
-92.5892722222222,36.7342680808081
-91.9916117171717,36.7342680808081
-91.3939512121212,36.7342680808081
-90.7962907070707,36.7342680808081
-90.1986302020202,36.7342680808081
-89.6009696969697,36.7342680808081
-89.0033091919192,36.7342680808081
-88.4056486868687,36.7342680808081
-87.8079881818182,36.7342680808081
-87.2103276767677,36.7342680808081
-86.6126671717172,36.7342680808081
-86.0150066666667,36.7342680808081
-85.4173461616162,36.7342680808081
-84.8196856565657,36.7342680808081
-84.2220251515151,36.7342680808081
-83.6243646464646,36.7342680808081
-83.0267041414141,36.7342680808081
-82.4290436363636,36.7342680808081
-81.8313831313131,36.7342680808081
-81.2337226262626,36.7342680808081
-80.6360621212121,36.7342680808081
-80.0384016161616,36.7342680808081
-79.4407411111111,36.7342680808081
-78.8430806060606,36.7342680808081
-78.2454201010101,36.7342680808081
-77.6477595959596,36.7342680808081
-77.0500990909091,36.7342680808081
-76.4524385858586,36.7342680808081
-99.1635377777778,36.9876548484849
-98.5658772727273,36.9876548484849
-97.9682167676768,36.9876548484849
-97.3705562626263,36.9876548484849
-96.7728957575758,36.9876548484849
-96.1752352525253,36.9876548484849
-95.5775747474747,36.9876548484849
-94.9799142424242,36.9876548484849
-94.3822537373737,36.9876548484849
-93.7845932323232,36.9876548484849
-93.1869327272727,36.9876548484849
-92.5892722222222,36.9876548484849
-91.9916117171717,36.9876548484849
-91.3939512121212,36.9876548484849
-90.7962907070707,36.9876548484849
-90.1986302020202,36.9876548484849
-89.6009696969697,36.9876548484849
-89.0033091919192,36.9876548484849
-88.4056486868687,36.9876548484849
-87.8079881818182,36.9876548484849
-87.2103276767677,36.9876548484849
-86.6126671717172,36.9876548484849
-86.0150066666667,36.9876548484849
-85.4173461616162,36.9876548484849
-84.8196856565657,36.9876548484849
-84.2220251515151,36.9876548484849
-83.6243646464646,36.9876548484849
-83.0267041414141,36.9876548484849
-82.4290436363636,36.9876548484849
-81.8313831313131,36.9876548484849
-81.2337226262626,36.9876548484849
-80.6360621212121,36.9876548484849
-80.0384016161616,36.9876548484849
-79.4407411111111,36.9876548484849
-78.8430806060606,36.9876548484849
-78.2454201010101,36.9876548484849
-77.6477595959596,36.9876548484849
-77.0500990909091,36.9876548484849
-99.1635377777778,37.2410416161616
-98.5658772727273,37.2410416161616
-97.9682167676768,37.2410416161616
-97.3705562626263,37.2410416161616
-96.7728957575758,37.2410416161616
-96.1752352525253,37.2410416161616
-95.5775747474747,37.2410416161616
-94.9799142424242,37.2410416161616
-94.3822537373737,37.2410416161616
-93.7845932323232,37.2410416161616
-93.1869327272727,37.2410416161616
-92.5892722222222,37.2410416161616
-91.9916117171717,37.2410416161616
-91.3939512121212,37.2410416161616
-90.7962907070707,37.2410416161616
-90.1986302020202,37.2410416161616
-89.6009696969697,37.2410416161616
-89.0033091919192,37.2410416161616
-88.4056486868687,37.2410416161616
-87.8079881818182,37.2410416161616
-87.2103276767677,37.2410416161616
-86.6126671717172,37.2410416161616
-86.0150066666667,37.2410416161616
-85.4173461616162,37.2410416161616
-84.8196856565657,37.2410416161616
-84.2220251515151,37.2410416161616
-83.6243646464646,37.2410416161616
-83.0267041414141,37.2410416161616
-82.4290436363636,37.2410416161616
-81.8313831313131,37.2410416161616
-81.2337226262626,37.2410416161616
-80.6360621212121,37.2410416161616
-80.0384016161616,37.2410416161616
-79.4407411111111,37.2410416161616
-78.8430806060606,37.2410416161616
-78.2454201010101,37.2410416161616
-77.6477595959596,37.2410416161616
-77.0500990909091,37.2410416161616
-99.1635377777778,37.4944283838384
-98.5658772727273,37.4944283838384
-97.9682167676768,37.4944283838384
-97.3705562626263,37.4944283838384
-96.7728957575758,37.4944283838384
-96.1752352525253,37.4944283838384
-95.5775747474747,37.4944283838384
-94.9799142424242,37.4944283838384
-94.3822537373737,37.4944283838384
-93.7845932323232,37.4944283838384
-93.1869327272727,37.4944283838384
-92.5892722222222,37.4944283838384
-91.9916117171717,37.4944283838384
-91.3939512121212,37.4944283838384
-90.7962907070707,37.4944283838384
-90.1986302020202,37.4944283838384
-89.6009696969697,37.4944283838384
-89.0033091919192,37.4944283838384
-88.4056486868687,37.4944283838384
-87.8079881818182,37.4944283838384
-87.2103276767677,37.4944283838384
-86.6126671717172,37.4944283838384
-86.0150066666667,37.4944283838384
-85.4173461616162,37.4944283838384
-84.8196856565657,37.4944283838384
-84.2220251515151,37.4944283838384
-83.6243646464646,37.4944283838384
-83.0267041414141,37.4944283838384
-82.4290436363636,37.4944283838384
-81.8313831313131,37.4944283838384
-81.2337226262626,37.4944283838384
-80.6360621212121,37.4944283838384
-80.0384016161616,37.4944283838384
-79.4407411111111,37.4944283838384
-78.8430806060606,37.4944283838384
-78.2454201010101,37.4944283838384
-77.6477595959596,37.4944283838384
-77.0500990909091,37.4944283838384
-76.4524385858586,37.4944283838384
-75.8547780808081,37.4944283838384
-99.1635377777778,37.7478151515152
-98.5658772727273,37.7478151515152
-97.9682167676768,37.7478151515152
-97.3705562626263,37.7478151515152
-96.7728957575758,37.7478151515152
-96.1752352525253,37.7478151515152
-95.5775747474747,37.7478151515152
-94.9799142424242,37.7478151515152
-94.3822537373737,37.7478151515152
-93.7845932323232,37.7478151515152
-93.1869327272727,37.7478151515152
-92.5892722222222,37.7478151515152
-91.9916117171717,37.7478151515152
-91.3939512121212,37.7478151515152
-90.7962907070707,37.7478151515152
-90.1986302020202,37.7478151515152
-89.6009696969697,37.7478151515152
-89.0033091919192,37.7478151515152
-88.4056486868687,37.7478151515152
-87.8079881818182,37.7478151515152
-87.2103276767677,37.7478151515152
-86.6126671717172,37.7478151515152
-86.0150066666667,37.7478151515152
-85.4173461616162,37.7478151515152
-84.8196856565657,37.7478151515152
-84.2220251515151,37.7478151515152
-83.6243646464646,37.7478151515152
-83.0267041414141,37.7478151515152
-82.4290436363636,37.7478151515152
-81.8313831313131,37.7478151515152
-81.2337226262626,37.7478151515152
-80.6360621212121,37.7478151515152
-80.0384016161616,37.7478151515152
-79.4407411111111,37.7478151515152
-78.8430806060606,37.7478151515152
-78.2454201010101,37.7478151515152
-77.6477595959596,37.7478151515152
-77.0500990909091,37.7478151515152
-76.4524385858586,37.7478151515152
-99.1635377777778,38.0012019191919
-98.5658772727273,38.0012019191919
-97.9682167676768,38.0012019191919
-97.3705562626263,38.0012019191919
-96.7728957575758,38.0012019191919
-96.1752352525253,38.0012019191919
-95.5775747474747,38.0012019191919
-94.9799142424242,38.0012019191919
-94.3822537373737,38.0012019191919
-93.7845932323232,38.0012019191919
-93.1869327272727,38.0012019191919
-92.5892722222222,38.0012019191919
-91.9916117171717,38.0012019191919
-91.3939512121212,38.0012019191919
-90.7962907070707,38.0012019191919
-90.1986302020202,38.0012019191919
-89.6009696969697,38.0012019191919
-89.0033091919192,38.0012019191919
-88.4056486868687,38.0012019191919
-87.8079881818182,38.0012019191919
-87.2103276767677,38.0012019191919
-86.6126671717172,38.0012019191919
-86.0150066666667,38.0012019191919
-85.4173461616162,38.0012019191919
-84.8196856565657,38.0012019191919
-84.2220251515151,38.0012019191919
-83.6243646464646,38.0012019191919
-83.0267041414141,38.0012019191919
-82.4290436363636,38.0012019191919
-81.8313831313131,38.0012019191919
-81.2337226262626,38.0012019191919
-80.6360621212121,38.0012019191919
-80.0384016161616,38.0012019191919
-79.4407411111111,38.0012019191919
-78.8430806060606,38.0012019191919
-78.2454201010101,38.0012019191919
-77.6477595959596,38.0012019191919
-77.0500990909091,38.0012019191919
-99.1635377777778,38.2545886868687
-98.5658772727273,38.2545886868687
-97.9682167676768,38.2545886868687
-97.3705562626263,38.2545886868687
-96.7728957575758,38.2545886868687
-96.1752352525253,38.2545886868687
-95.5775747474747,38.2545886868687
-94.9799142424242,38.2545886868687
-94.3822537373737,38.2545886868687
-93.7845932323232,38.2545886868687
-93.1869327272727,38.2545886868687
-92.5892722222222,38.2545886868687
-91.9916117171717,38.2545886868687
-91.3939512121212,38.2545886868687
-90.7962907070707,38.2545886868687
-90.1986302020202,38.2545886868687
-89.6009696969697,38.2545886868687
-89.0033091919192,38.2545886868687
-88.4056486868687,38.2545886868687
-87.8079881818182,38.2545886868687
-87.2103276767677,38.2545886868687
-86.6126671717172,38.2545886868687
-86.0150066666667,38.2545886868687
-85.4173461616162,38.2545886868687
-84.8196856565657,38.2545886868687
-84.2220251515151,38.2545886868687
-83.6243646464646,38.2545886868687
-83.0267041414141,38.2545886868687
-82.4290436363636,38.2545886868687
-81.8313831313131,38.2545886868687
-81.2337226262626,38.2545886868687
-80.6360621212121,38.2545886868687
-80.0384016161616,38.2545886868687
-79.4407411111111,38.2545886868687
-78.8430806060606,38.2545886868687
-78.2454201010101,38.2545886868687
-77.6477595959596,38.2545886868687
-77.0500990909091,38.2545886868687
-76.4524385858586,38.2545886868687
-75.2571175757576,38.2545886868687
-99.1635377777778,38.5079754545455
-98.5658772727273,38.5079754545455
-97.9682167676768,38.5079754545455
-97.3705562626263,38.5079754545455
-96.7728957575758,38.5079754545455
-96.1752352525253,38.5079754545455
-95.5775747474747,38.5079754545455
-94.9799142424242,38.5079754545455
-94.3822537373737,38.5079754545455
-93.7845932323232,38.5079754545455
-93.1869327272727,38.5079754545455
-92.5892722222222,38.5079754545455
-91.9916117171717,38.5079754545455
-91.3939512121212,38.5079754545455
-90.7962907070707,38.5079754545455
-90.1986302020202,38.5079754545455
-89.6009696969697,38.5079754545455
-89.0033091919192,38.5079754545455
-88.4056486868687,38.5079754545455
-87.8079881818182,38.5079754545455
-87.2103276767677,38.5079754545455
-86.6126671717172,38.5079754545455
-86.0150066666667,38.5079754545455
-85.4173461616162,38.5079754545455
-84.8196856565657,38.5079754545455
-84.2220251515151,38.5079754545455
-83.6243646464646,38.5079754545455
-83.0267041414141,38.5079754545455
-82.4290436363636,38.5079754545455
-81.8313831313131,38.5079754545455
-81.2337226262626,38.5079754545455
-80.6360621212121,38.5079754545455
-80.0384016161616,38.5079754545455
-79.4407411111111,38.5079754545455
-78.8430806060606,38.5079754545455
-78.2454201010101,38.5079754545455
-77.6477595959596,38.5079754545455
-77.0500990909091,38.5079754545455
-75.8547780808081,38.5079754545455
-75.2571175757576,38.5079754545455
-99.1635377777778,38.7613622222222
-98.5658772727273,38.7613622222222
-97.9682167676768,38.7613622222222
-97.3705562626263,38.7613622222222
-96.7728957575758,38.7613622222222
-96.1752352525253,38.7613622222222
-95.5775747474747,38.7613622222222
-94.9799142424242,38.7613622222222
-94.3822537373737,38.7613622222222
-93.7845932323232,38.7613622222222
-93.1869327272727,38.7613622222222
-92.5892722222222,38.7613622222222
-91.9916117171717,38.7613622222222
-91.3939512121212,38.7613622222222
-90.7962907070707,38.7613622222222
-90.1986302020202,38.7613622222222
-89.6009696969697,38.7613622222222
-89.0033091919192,38.7613622222222
-88.4056486868687,38.7613622222222
-87.8079881818182,38.7613622222222
-87.2103276767677,38.7613622222222
-86.6126671717172,38.7613622222222
-86.0150066666667,38.7613622222222
-85.4173461616162,38.7613622222222
-84.8196856565657,38.7613622222222
-84.2220251515151,38.7613622222222
-83.6243646464646,38.7613622222222
-83.0267041414141,38.7613622222222
-82.4290436363636,38.7613622222222
-81.8313831313131,38.7613622222222
-81.2337226262626,38.7613622222222
-80.6360621212121,38.7613622222222
-80.0384016161616,38.7613622222222
-79.4407411111111,38.7613622222222
-78.8430806060606,38.7613622222222
-78.2454201010101,38.7613622222222
-77.6477595959596,38.7613622222222
-77.0500990909091,38.7613622222222
-75.8547780808081,38.7613622222222
-75.2571175757576,38.7613622222222
-99.1635377777778,39.014748989899
-98.5658772727273,39.014748989899
-97.9682167676768,39.014748989899
-97.3705562626263,39.014748989899
-96.7728957575758,39.014748989899
-96.1752352525253,39.014748989899
-95.5775747474747,39.014748989899
-94.9799142424242,39.014748989899
-94.3822537373737,39.014748989899
-93.7845932323232,39.014748989899
-93.1869327272727,39.014748989899
-92.5892722222222,39.014748989899
-91.9916117171717,39.014748989899
-91.3939512121212,39.014748989899
-90.7962907070707,39.014748989899
-90.1986302020202,39.014748989899
-89.6009696969697,39.014748989899
-89.0033091919192,39.014748989899
-88.4056486868687,39.014748989899
-87.8079881818182,39.014748989899
-87.2103276767677,39.014748989899
-86.6126671717172,39.014748989899
-86.0150066666667,39.014748989899
-85.4173461616162,39.014748989899
-84.8196856565657,39.014748989899
-84.2220251515151,39.014748989899
-83.6243646464646,39.014748989899
-83.0267041414141,39.014748989899
-82.4290436363636,39.014748989899
-81.8313831313131,39.014748989899
-81.2337226262626,39.014748989899
-80.6360621212121,39.014748989899
-80.0384016161616,39.014748989899
-79.4407411111111,39.014748989899
-78.8430806060606,39.014748989899
-78.2454201010101,39.014748989899
-77.6477595959596,39.014748989899
-77.0500990909091,39.014748989899
-76.4524385858586,39.014748989899
-75.8547780808081,39.014748989899
-99.1635377777778,39.2681357575758
-98.5658772727273,39.2681357575758
-97.9682167676768,39.2681357575758
-97.3705562626263,39.2681357575758
-96.7728957575758,39.2681357575758
-96.1752352525253,39.2681357575758
-95.5775747474747,39.2681357575758
-94.9799142424242,39.2681357575758
-94.3822537373737,39.2681357575758
-93.7845932323232,39.2681357575758
-93.1869327272727,39.2681357575758
-92.5892722222222,39.2681357575758
-91.9916117171717,39.2681357575758
-91.3939512121212,39.2681357575758
-90.7962907070707,39.2681357575758
-90.1986302020202,39.2681357575758
-89.6009696969697,39.2681357575758
-89.0033091919192,39.2681357575758
-88.4056486868687,39.2681357575758
-87.8079881818182,39.2681357575758
-87.2103276767677,39.2681357575758
-86.6126671717172,39.2681357575758
-86.0150066666667,39.2681357575758
-85.4173461616162,39.2681357575758
-84.8196856565657,39.2681357575758
-84.2220251515151,39.2681357575758
-83.6243646464646,39.2681357575758
-83.0267041414141,39.2681357575758
-82.4290436363636,39.2681357575758
-81.8313831313131,39.2681357575758
-81.2337226262626,39.2681357575758
-80.6360621212121,39.2681357575758
-80.0384016161616,39.2681357575758
-79.4407411111111,39.2681357575758
-78.8430806060606,39.2681357575758
-78.2454201010101,39.2681357575758
-77.6477595959596,39.2681357575758
-77.0500990909091,39.2681357575758
-76.4524385858586,39.2681357575758
-75.8547780808081,39.2681357575758
-74.6594570707071,39.2681357575758
-99.1635377777778,39.5215225252525
-98.5658772727273,39.5215225252525
-97.9682167676768,39.5215225252525
-97.3705562626263,39.5215225252525
-96.7728957575758,39.5215225252525
-96.1752352525253,39.5215225252525
-95.5775747474747,39.5215225252525
-94.9799142424242,39.5215225252525
-94.3822537373737,39.5215225252525
-93.7845932323232,39.5215225252525
-93.1869327272727,39.5215225252525
-92.5892722222222,39.5215225252525
-91.9916117171717,39.5215225252525
-91.3939512121212,39.5215225252525
-90.7962907070707,39.5215225252525
-90.1986302020202,39.5215225252525
-89.6009696969697,39.5215225252525
-89.0033091919192,39.5215225252525
-88.4056486868687,39.5215225252525
-87.8079881818182,39.5215225252525
-87.2103276767677,39.5215225252525
-86.6126671717172,39.5215225252525
-86.0150066666667,39.5215225252525
-85.4173461616162,39.5215225252525
-84.8196856565657,39.5215225252525
-84.2220251515151,39.5215225252525
-83.6243646464646,39.5215225252525
-83.0267041414141,39.5215225252525
-82.4290436363636,39.5215225252525
-81.8313831313131,39.5215225252525
-81.2337226262626,39.5215225252525
-80.6360621212121,39.5215225252525
-80.0384016161616,39.5215225252525
-79.4407411111111,39.5215225252525
-78.8430806060606,39.5215225252525
-78.2454201010101,39.5215225252525
-77.6477595959596,39.5215225252525
-77.0500990909091,39.5215225252525
-76.4524385858586,39.5215225252525
-75.8547780808081,39.5215225252525
-75.2571175757576,39.5215225252525
-74.6594570707071,39.5215225252525
-99.1635377777778,39.7749092929293
-98.5658772727273,39.7749092929293
-97.9682167676768,39.7749092929293
-97.3705562626263,39.7749092929293
-96.7728957575758,39.7749092929293
-96.1752352525253,39.7749092929293
-95.5775747474747,39.7749092929293
-94.9799142424242,39.7749092929293
-94.3822537373737,39.7749092929293
-93.7845932323232,39.7749092929293
-93.1869327272727,39.7749092929293
-92.5892722222222,39.7749092929293
-91.9916117171717,39.7749092929293
-91.3939512121212,39.7749092929293
-90.7962907070707,39.7749092929293
-90.1986302020202,39.7749092929293
-89.6009696969697,39.7749092929293
-89.0033091919192,39.7749092929293
-88.4056486868687,39.7749092929293
-87.8079881818182,39.7749092929293
-87.2103276767677,39.7749092929293
-86.6126671717172,39.7749092929293
-86.0150066666667,39.7749092929293
-85.4173461616162,39.7749092929293
-84.8196856565657,39.7749092929293
-84.2220251515151,39.7749092929293
-83.6243646464646,39.7749092929293
-83.0267041414141,39.7749092929293
-82.4290436363636,39.7749092929293
-81.8313831313131,39.7749092929293
-81.2337226262626,39.7749092929293
-80.6360621212121,39.7749092929293
-80.0384016161616,39.7749092929293
-79.4407411111111,39.7749092929293
-78.8430806060606,39.7749092929293
-78.2454201010101,39.7749092929293
-77.6477595959596,39.7749092929293
-77.0500990909091,39.7749092929293
-76.4524385858586,39.7749092929293
-75.8547780808081,39.7749092929293
-75.2571175757576,39.7749092929293
-74.6594570707071,39.7749092929293
-99.1635377777778,40.0282960606061
-98.5658772727273,40.0282960606061
-97.9682167676768,40.0282960606061
-97.3705562626263,40.0282960606061
-96.7728957575758,40.0282960606061
-96.1752352525253,40.0282960606061
-95.5775747474747,40.0282960606061
-94.9799142424242,40.0282960606061
-94.3822537373737,40.0282960606061
-93.7845932323232,40.0282960606061
-93.1869327272727,40.0282960606061
-92.5892722222222,40.0282960606061
-91.9916117171717,40.0282960606061
-91.3939512121212,40.0282960606061
-90.7962907070707,40.0282960606061
-90.1986302020202,40.0282960606061
-89.6009696969697,40.0282960606061
-89.0033091919192,40.0282960606061
-88.4056486868687,40.0282960606061
-87.8079881818182,40.0282960606061
-87.2103276767677,40.0282960606061
-86.6126671717172,40.0282960606061
-86.0150066666667,40.0282960606061
-85.4173461616162,40.0282960606061
-84.8196856565657,40.0282960606061
-84.2220251515151,40.0282960606061
-83.6243646464646,40.0282960606061
-83.0267041414141,40.0282960606061
-82.4290436363636,40.0282960606061
-81.8313831313131,40.0282960606061
-81.2337226262626,40.0282960606061
-80.6360621212121,40.0282960606061
-80.0384016161616,40.0282960606061
-79.4407411111111,40.0282960606061
-78.8430806060606,40.0282960606061
-78.2454201010101,40.0282960606061
-77.6477595959596,40.0282960606061
-77.0500990909091,40.0282960606061
-76.4524385858586,40.0282960606061
-75.8547780808081,40.0282960606061
-75.2571175757576,40.0282960606061
-74.6594570707071,40.0282960606061
-99.1635377777778,40.2816828282828
-98.5658772727273,40.2816828282828
-97.9682167676768,40.2816828282828
-97.3705562626263,40.2816828282828
-96.7728957575758,40.2816828282828
-96.1752352525253,40.2816828282828
-95.5775747474747,40.2816828282828
-94.9799142424242,40.2816828282828
-94.3822537373737,40.2816828282828
-93.7845932323232,40.2816828282828
-93.1869327272727,40.2816828282828
-92.5892722222222,40.2816828282828
-91.9916117171717,40.2816828282828
-91.3939512121212,40.2816828282828
-90.7962907070707,40.2816828282828
-90.1986302020202,40.2816828282828
-89.6009696969697,40.2816828282828
-89.0033091919192,40.2816828282828
-88.4056486868687,40.2816828282828
-87.8079881818182,40.2816828282828
-87.2103276767677,40.2816828282828
-86.6126671717172,40.2816828282828
-86.0150066666667,40.2816828282828
-85.4173461616162,40.2816828282828
-84.8196856565657,40.2816828282828
-84.2220251515151,40.2816828282828
-83.6243646464646,40.2816828282828
-83.0267041414141,40.2816828282828
-82.4290436363636,40.2816828282828
-81.8313831313131,40.2816828282828
-81.2337226262626,40.2816828282828
-80.6360621212121,40.2816828282828
-80.0384016161616,40.2816828282828
-79.4407411111111,40.2816828282828
-78.8430806060606,40.2816828282828
-78.2454201010101,40.2816828282828
-77.6477595959596,40.2816828282828
-77.0500990909091,40.2816828282828
-76.4524385858586,40.2816828282828
-75.8547780808081,40.2816828282828
-75.2571175757576,40.2816828282828
-74.6594570707071,40.2816828282828
-74.0617965656566,40.2816828282828
-99.1635377777778,40.5350695959596
-98.5658772727273,40.5350695959596
-97.9682167676768,40.5350695959596
-97.3705562626263,40.5350695959596
-96.7728957575758,40.5350695959596
-96.1752352525253,40.5350695959596
-95.5775747474747,40.5350695959596
-94.9799142424242,40.5350695959596
-94.3822537373737,40.5350695959596
-93.7845932323232,40.5350695959596
-93.1869327272727,40.5350695959596
-92.5892722222222,40.5350695959596
-91.9916117171717,40.5350695959596
-91.3939512121212,40.5350695959596
-90.7962907070707,40.5350695959596
-90.1986302020202,40.5350695959596
-89.6009696969697,40.5350695959596
-89.0033091919192,40.5350695959596
-88.4056486868687,40.5350695959596
-87.8079881818182,40.5350695959596
-87.2103276767677,40.5350695959596
-86.6126671717172,40.5350695959596
-86.0150066666667,40.5350695959596
-85.4173461616162,40.5350695959596
-84.8196856565657,40.5350695959596
-84.2220251515151,40.5350695959596
-83.6243646464646,40.5350695959596
-83.0267041414141,40.5350695959596
-82.4290436363636,40.5350695959596
-81.8313831313131,40.5350695959596
-81.2337226262626,40.5350695959596
-80.6360621212121,40.5350695959596
-80.0384016161616,40.5350695959596
-79.4407411111111,40.5350695959596
-78.8430806060606,40.5350695959596
-78.2454201010101,40.5350695959596
-77.6477595959596,40.5350695959596
-77.0500990909091,40.5350695959596
-76.4524385858586,40.5350695959596
-75.8547780808081,40.5350695959596
-75.2571175757576,40.5350695959596
-74.6594570707071,40.5350695959596
-99.1635377777778,40.7884563636364
-98.5658772727273,40.7884563636364
-97.9682167676768,40.7884563636364
-97.3705562626263,40.7884563636364
-96.7728957575758,40.7884563636364
-96.1752352525253,40.7884563636364
-95.5775747474747,40.7884563636364
-94.9799142424242,40.7884563636364
-94.3822537373737,40.7884563636364
-93.7845932323232,40.7884563636364
-93.1869327272727,40.7884563636364
-92.5892722222222,40.7884563636364
-91.9916117171717,40.7884563636364
-91.3939512121212,40.7884563636364
-90.7962907070707,40.7884563636364
-90.1986302020202,40.7884563636364
-89.6009696969697,40.7884563636364
-89.0033091919192,40.7884563636364
-88.4056486868687,40.7884563636364
-87.8079881818182,40.7884563636364
-87.2103276767677,40.7884563636364
-86.6126671717172,40.7884563636364
-86.0150066666667,40.7884563636364
-85.4173461616162,40.7884563636364
-84.8196856565657,40.7884563636364
-84.2220251515151,40.7884563636364
-83.6243646464646,40.7884563636364
-83.0267041414141,40.7884563636364
-82.4290436363636,40.7884563636364
-81.8313831313131,40.7884563636364
-81.2337226262626,40.7884563636364
-80.6360621212121,40.7884563636364
-80.0384016161616,40.7884563636364
-79.4407411111111,40.7884563636364
-78.8430806060606,40.7884563636364
-78.2454201010101,40.7884563636364
-77.6477595959596,40.7884563636364
-77.0500990909091,40.7884563636364
-76.4524385858586,40.7884563636364
-75.8547780808081,40.7884563636364
-75.2571175757576,40.7884563636364
-74.6594570707071,40.7884563636364
-74.0617965656566,40.7884563636364
-73.4641360606061,40.7884563636364
-72.8664755555556,40.7884563636364
-99.1635377777778,41.0418431313131
-98.5658772727273,41.0418431313131
-97.9682167676768,41.0418431313131
-97.3705562626263,41.0418431313131
-96.7728957575758,41.0418431313131
-96.1752352525253,41.0418431313131
-95.5775747474747,41.0418431313131
-94.9799142424242,41.0418431313131
-94.3822537373737,41.0418431313131
-93.7845932323232,41.0418431313131
-93.1869327272727,41.0418431313131
-92.5892722222222,41.0418431313131
-91.9916117171717,41.0418431313131
-91.3939512121212,41.0418431313131
-90.7962907070707,41.0418431313131
-90.1986302020202,41.0418431313131
-89.6009696969697,41.0418431313131
-89.0033091919192,41.0418431313131
-88.4056486868687,41.0418431313131
-87.8079881818182,41.0418431313131
-87.2103276767677,41.0418431313131
-86.6126671717172,41.0418431313131
-86.0150066666667,41.0418431313131
-85.4173461616162,41.0418431313131
-84.8196856565657,41.0418431313131
-84.2220251515151,41.0418431313131
-83.6243646464646,41.0418431313131
-83.0267041414141,41.0418431313131
-82.4290436363636,41.0418431313131
-81.8313831313131,41.0418431313131
-81.2337226262626,41.0418431313131
-80.6360621212121,41.0418431313131
-80.0384016161616,41.0418431313131
-79.4407411111111,41.0418431313131
-78.8430806060606,41.0418431313131
-78.2454201010101,41.0418431313131
-77.6477595959596,41.0418431313131
-77.0500990909091,41.0418431313131
-76.4524385858586,41.0418431313131
-75.8547780808081,41.0418431313131
-75.2571175757576,41.0418431313131
-74.6594570707071,41.0418431313131
-74.0617965656566,41.0418431313131
-99.1635377777778,41.2952298989899
-98.5658772727273,41.2952298989899
-97.9682167676768,41.2952298989899
-97.3705562626263,41.2952298989899
-96.7728957575758,41.2952298989899
-96.1752352525253,41.2952298989899
-95.5775747474747,41.2952298989899
-94.9799142424242,41.2952298989899
-94.3822537373737,41.2952298989899
-93.7845932323232,41.2952298989899
-93.1869327272727,41.2952298989899
-92.5892722222222,41.2952298989899
-91.9916117171717,41.2952298989899
-91.3939512121212,41.2952298989899
-90.7962907070707,41.2952298989899
-90.1986302020202,41.2952298989899
-89.6009696969697,41.2952298989899
-89.0033091919192,41.2952298989899
-88.4056486868687,41.2952298989899
-87.8079881818182,41.2952298989899
-87.2103276767677,41.2952298989899
-86.6126671717172,41.2952298989899
-86.0150066666667,41.2952298989899
-85.4173461616162,41.2952298989899
-84.8196856565657,41.2952298989899
-84.2220251515151,41.2952298989899
-83.6243646464646,41.2952298989899
-83.0267041414141,41.2952298989899
-82.4290436363636,41.2952298989899
-81.8313831313131,41.2952298989899
-81.2337226262626,41.2952298989899
-80.6360621212121,41.2952298989899
-80.0384016161616,41.2952298989899
-79.4407411111111,41.2952298989899
-78.8430806060606,41.2952298989899
-78.2454201010101,41.2952298989899
-77.6477595959596,41.2952298989899
-77.0500990909091,41.2952298989899
-76.4524385858586,41.2952298989899
-75.8547780808081,41.2952298989899
-75.2571175757576,41.2952298989899
-74.6594570707071,41.2952298989899
-74.0617965656566,41.2952298989899
-73.4641360606061,41.2952298989899
-72.8664755555556,41.2952298989899
-72.2688150505051,41.2952298989899
-99.1635377777778,41.5486166666667
-98.5658772727273,41.5486166666667
-97.9682167676768,41.5486166666667
-97.3705562626263,41.5486166666667
-96.7728957575758,41.5486166666667
-96.1752352525253,41.5486166666667
-95.5775747474747,41.5486166666667
-94.9799142424242,41.5486166666667
-94.3822537373737,41.5486166666667
-93.7845932323232,41.5486166666667
-93.1869327272727,41.5486166666667
-92.5892722222222,41.5486166666667
-91.9916117171717,41.5486166666667
-91.3939512121212,41.5486166666667
-90.7962907070707,41.5486166666667
-90.1986302020202,41.5486166666667
-89.6009696969697,41.5486166666667
-89.0033091919192,41.5486166666667
-88.4056486868687,41.5486166666667
-87.8079881818182,41.5486166666667
-87.2103276767677,41.5486166666667
-86.6126671717172,41.5486166666667
-86.0150066666667,41.5486166666667
-85.4173461616162,41.5486166666667
-84.8196856565657,41.5486166666667
-84.2220251515151,41.5486166666667
-83.6243646464646,41.5486166666667
-83.0267041414141,41.5486166666667
-81.2337226262626,41.5486166666667
-80.6360621212121,41.5486166666667
-80.0384016161616,41.5486166666667
-79.4407411111111,41.5486166666667
-78.8430806060606,41.5486166666667
-78.2454201010101,41.5486166666667
-77.6477595959596,41.5486166666667
-77.0500990909091,41.5486166666667
-76.4524385858586,41.5486166666667
-75.8547780808081,41.5486166666667
-75.2571175757576,41.5486166666667
-74.6594570707071,41.5486166666667
-74.0617965656566,41.5486166666667
-73.4641360606061,41.5486166666667
-72.8664755555556,41.5486166666667
-72.2688150505051,41.5486166666667
-71.6711545454545,41.5486166666667
-71.073494040404,41.5486166666667
-99.1635377777778,41.8020034343434
-98.5658772727273,41.8020034343434
-97.9682167676768,41.8020034343434
-97.3705562626263,41.8020034343434
-96.7728957575758,41.8020034343434
-96.1752352525253,41.8020034343434
-95.5775747474747,41.8020034343434
-94.9799142424242,41.8020034343434
-94.3822537373737,41.8020034343434
-93.7845932323232,41.8020034343434
-93.1869327272727,41.8020034343434
-92.5892722222222,41.8020034343434
-91.9916117171717,41.8020034343434
-91.3939512121212,41.8020034343434
-90.7962907070707,41.8020034343434
-90.1986302020202,41.8020034343434
-89.6009696969697,41.8020034343434
-89.0033091919192,41.8020034343434
-88.4056486868687,41.8020034343434
-87.8079881818182,41.8020034343434
-86.6126671717172,41.8020034343434
-86.0150066666667,41.8020034343434
-85.4173461616162,41.8020034343434
-84.8196856565657,41.8020034343434
-84.2220251515151,41.8020034343434
-83.6243646464646,41.8020034343434
-80.6360621212121,41.8020034343434
-80.0384016161616,41.8020034343434
-79.4407411111111,41.8020034343434
-78.8430806060606,41.8020034343434
-78.2454201010101,41.8020034343434
-77.6477595959596,41.8020034343434
-77.0500990909091,41.8020034343434
-76.4524385858586,41.8020034343434
-75.8547780808081,41.8020034343434
-75.2571175757576,41.8020034343434
-74.6594570707071,41.8020034343434
-74.0617965656566,41.8020034343434
-73.4641360606061,41.8020034343434
-72.8664755555556,41.8020034343434
-72.2688150505051,41.8020034343434
-71.6711545454545,41.8020034343434
-71.073494040404,41.8020034343434
-99.1635377777778,42.0553902020202
-98.5658772727273,42.0553902020202
-97.9682167676768,42.0553902020202
-97.3705562626263,42.0553902020202
-96.7728957575758,42.0553902020202
-96.1752352525253,42.0553902020202
-95.5775747474747,42.0553902020202
-94.9799142424242,42.0553902020202
-94.3822537373737,42.0553902020202
-93.7845932323232,42.0553902020202
-93.1869327272727,42.0553902020202
-92.5892722222222,42.0553902020202
-91.9916117171717,42.0553902020202
-91.3939512121212,42.0553902020202
-90.7962907070707,42.0553902020202
-90.1986302020202,42.0553902020202
-89.6009696969697,42.0553902020202
-89.0033091919192,42.0553902020202
-88.4056486868687,42.0553902020202
-87.8079881818182,42.0553902020202
-86.0150066666667,42.0553902020202
-85.4173461616162,42.0553902020202
-84.8196856565657,42.0553902020202
-84.2220251515151,42.0553902020202
-83.6243646464646,42.0553902020202
-80.0384016161616,42.0553902020202
-79.4407411111111,42.0553902020202
-78.8430806060606,42.0553902020202
-78.2454201010101,42.0553902020202
-77.6477595959596,42.0553902020202
-77.0500990909091,42.0553902020202
-76.4524385858586,42.0553902020202
-75.8547780808081,42.0553902020202
-75.2571175757576,42.0553902020202
-74.6594570707071,42.0553902020202
-74.0617965656566,42.0553902020202
-73.4641360606061,42.0553902020202
-72.8664755555556,42.0553902020202
-72.2688150505051,42.0553902020202
-71.6711545454545,42.0553902020202
-71.073494040404,42.0553902020202
-99.1635377777778,42.308776969697
-98.5658772727273,42.308776969697
-97.9682167676768,42.308776969697
-97.3705562626263,42.308776969697
-96.7728957575758,42.308776969697
-96.1752352525253,42.308776969697
-95.5775747474747,42.308776969697
-94.9799142424242,42.308776969697
-94.3822537373737,42.308776969697
-93.7845932323232,42.308776969697
-93.1869327272727,42.308776969697
-92.5892722222222,42.308776969697
-91.9916117171717,42.308776969697
-91.3939512121212,42.308776969697
-90.7962907070707,42.308776969697
-90.1986302020202,42.308776969697
-89.6009696969697,42.308776969697
-89.0033091919192,42.308776969697
-88.4056486868687,42.308776969697
-86.0150066666667,42.308776969697
-85.4173461616162,42.308776969697
-84.8196856565657,42.308776969697
-84.2220251515151,42.308776969697
-83.6243646464646,42.308776969697
-79.4407411111111,42.308776969697
-78.8430806060606,42.308776969697
-78.2454201010101,42.308776969697
-77.6477595959596,42.308776969697
-77.0500990909091,42.308776969697
-76.4524385858586,42.308776969697
-75.8547780808081,42.308776969697
-75.2571175757576,42.308776969697
-74.6594570707071,42.308776969697
-74.0617965656566,42.308776969697
-73.4641360606061,42.308776969697
-72.8664755555556,42.308776969697
-72.2688150505051,42.308776969697
-71.6711545454545,42.308776969697
-71.073494040404,42.308776969697
-99.1635377777778,42.5621637373737
-98.5658772727273,42.5621637373737
-97.9682167676768,42.5621637373737
-97.3705562626263,42.5621637373737
-96.7728957575758,42.5621637373737
-96.1752352525253,42.5621637373737
-95.5775747474747,42.5621637373737
-94.9799142424242,42.5621637373737
-94.3822537373737,42.5621637373737
-93.7845932323232,42.5621637373737
-93.1869327272727,42.5621637373737
-92.5892722222222,42.5621637373737
-91.9916117171717,42.5621637373737
-91.3939512121212,42.5621637373737
-90.7962907070707,42.5621637373737
-90.1986302020202,42.5621637373737
-89.6009696969697,42.5621637373737
-89.0033091919192,42.5621637373737
-88.4056486868687,42.5621637373737
-87.8079881818182,42.5621637373737
-86.0150066666667,42.5621637373737
-85.4173461616162,42.5621637373737
-84.8196856565657,42.5621637373737
-84.2220251515151,42.5621637373737
-83.6243646464646,42.5621637373737
-83.0267041414141,42.5621637373737
-78.8430806060606,42.5621637373737
-78.2454201010101,42.5621637373737
-77.6477595959596,42.5621637373737
-77.0500990909091,42.5621637373737
-76.4524385858586,42.5621637373737
-75.8547780808081,42.5621637373737
-75.2571175757576,42.5621637373737
-74.6594570707071,42.5621637373737
-74.0617965656566,42.5621637373737
-73.4641360606061,42.5621637373737
-72.8664755555556,42.5621637373737
-72.2688150505051,42.5621637373737
-71.6711545454545,42.5621637373737
-71.073494040404,42.5621637373737
-99.1635377777778,42.8155505050505
-98.5658772727273,42.8155505050505
-97.9682167676768,42.8155505050505
-97.3705562626263,42.8155505050505
-96.7728957575758,42.8155505050505
-96.1752352525253,42.8155505050505
-95.5775747474747,42.8155505050505
-94.9799142424242,42.8155505050505
-94.3822537373737,42.8155505050505
-93.7845932323232,42.8155505050505
-93.1869327272727,42.8155505050505
-92.5892722222222,42.8155505050505
-91.9916117171717,42.8155505050505
-91.3939512121212,42.8155505050505
-90.7962907070707,42.8155505050505
-90.1986302020202,42.8155505050505
-89.6009696969697,42.8155505050505
-89.0033091919192,42.8155505050505
-88.4056486868687,42.8155505050505
-87.8079881818182,42.8155505050505
-86.0150066666667,42.8155505050505
-85.4173461616162,42.8155505050505
-84.8196856565657,42.8155505050505
-84.2220251515151,42.8155505050505
-83.6243646464646,42.8155505050505
-83.0267041414141,42.8155505050505
-78.8430806060606,42.8155505050505
-78.2454201010101,42.8155505050505
-77.6477595959596,42.8155505050505
-77.0500990909091,42.8155505050505
-76.4524385858586,42.8155505050505
-75.8547780808081,42.8155505050505
-75.2571175757576,42.8155505050505
-74.6594570707071,42.8155505050505
-74.0617965656566,42.8155505050505
-73.4641360606061,42.8155505050505
-72.8664755555556,42.8155505050505
-72.2688150505051,42.8155505050505
-71.6711545454545,42.8155505050505
-71.073494040404,42.8155505050505
-99.1635377777778,43.0689372727273
-98.5658772727273,43.0689372727273
-97.9682167676768,43.0689372727273
-97.3705562626263,43.0689372727273
-96.7728957575758,43.0689372727273
-96.1752352525253,43.0689372727273
-95.5775747474747,43.0689372727273
-94.9799142424242,43.0689372727273
-94.3822537373737,43.0689372727273
-93.7845932323232,43.0689372727273
-93.1869327272727,43.0689372727273
-92.5892722222222,43.0689372727273
-91.9916117171717,43.0689372727273
-91.3939512121212,43.0689372727273
-90.7962907070707,43.0689372727273
-90.1986302020202,43.0689372727273
-89.6009696969697,43.0689372727273
-89.0033091919192,43.0689372727273
-88.4056486868687,43.0689372727273
-86.0150066666667,43.0689372727273
-85.4173461616162,43.0689372727273
-84.8196856565657,43.0689372727273
-84.2220251515151,43.0689372727273
-83.6243646464646,43.0689372727273
-83.0267041414141,43.0689372727273
-78.8430806060606,43.0689372727273
-78.2454201010101,43.0689372727273
-77.6477595959596,43.0689372727273
-77.0500990909091,43.0689372727273
-76.4524385858586,43.0689372727273
-75.8547780808081,43.0689372727273
-75.2571175757576,43.0689372727273
-74.6594570707071,43.0689372727273
-74.0617965656566,43.0689372727273
-73.4641360606061,43.0689372727273
-72.8664755555556,43.0689372727273
-72.2688150505051,43.0689372727273
-71.6711545454545,43.0689372727273
-71.073494040404,43.0689372727273
-99.1635377777778,43.322324040404
-98.5658772727273,43.322324040404
-97.9682167676768,43.322324040404
-97.3705562626263,43.322324040404
-96.7728957575758,43.322324040404
-96.1752352525253,43.322324040404
-95.5775747474747,43.322324040404
-94.9799142424242,43.322324040404
-94.3822537373737,43.322324040404
-93.7845932323232,43.322324040404
-93.1869327272727,43.322324040404
-92.5892722222222,43.322324040404
-91.9916117171717,43.322324040404
-91.3939512121212,43.322324040404
-90.7962907070707,43.322324040404
-90.1986302020202,43.322324040404
-89.6009696969697,43.322324040404
-89.0033091919192,43.322324040404
-88.4056486868687,43.322324040404
-86.0150066666667,43.322324040404
-85.4173461616162,43.322324040404
-84.8196856565657,43.322324040404
-84.2220251515151,43.322324040404
-83.6243646464646,43.322324040404
-83.0267041414141,43.322324040404
-78.2454201010101,43.322324040404
-76.4524385858586,43.322324040404
-75.8547780808081,43.322324040404
-75.2571175757576,43.322324040404
-74.6594570707071,43.322324040404
-74.0617965656566,43.322324040404
-73.4641360606061,43.322324040404
-72.8664755555556,43.322324040404
-72.2688150505051,43.322324040404
-71.6711545454545,43.322324040404
-71.073494040404,43.322324040404
-99.1635377777778,43.5757108080808
-98.5658772727273,43.5757108080808
-97.9682167676768,43.5757108080808
-97.3705562626263,43.5757108080808
-96.7728957575758,43.5757108080808
-96.1752352525253,43.5757108080808
-95.5775747474747,43.5757108080808
-94.9799142424242,43.5757108080808
-94.3822537373737,43.5757108080808
-93.7845932323232,43.5757108080808
-93.1869327272727,43.5757108080808
-92.5892722222222,43.5757108080808
-91.9916117171717,43.5757108080808
-91.3939512121212,43.5757108080808
-90.7962907070707,43.5757108080808
-90.1986302020202,43.5757108080808
-89.6009696969697,43.5757108080808
-89.0033091919192,43.5757108080808
-88.4056486868687,43.5757108080808
-87.8079881818182,43.5757108080808
-86.0150066666667,43.5757108080808
-85.4173461616162,43.5757108080808
-84.8196856565657,43.5757108080808
-84.2220251515151,43.5757108080808
-83.6243646464646,43.5757108080808
-83.0267041414141,43.5757108080808
-75.8547780808081,43.5757108080808
-75.2571175757576,43.5757108080808
-74.6594570707071,43.5757108080808
-74.0617965656566,43.5757108080808
-73.4641360606061,43.5757108080808
-72.8664755555556,43.5757108080808
-72.2688150505051,43.5757108080808
-71.6711545454545,43.5757108080808
-71.073494040404,43.5757108080808
-70.4758335353535,43.5757108080808
-99.1635377777778,43.8290975757576
-98.5658772727273,43.8290975757576
-97.9682167676768,43.8290975757576
-97.3705562626263,43.8290975757576
-96.7728957575758,43.8290975757576
-96.1752352525253,43.8290975757576
-95.5775747474747,43.8290975757576
-94.9799142424242,43.8290975757576
-94.3822537373737,43.8290975757576
-93.7845932323232,43.8290975757576
-93.1869327272727,43.8290975757576
-92.5892722222222,43.8290975757576
-91.9916117171717,43.8290975757576
-91.3939512121212,43.8290975757576
-90.7962907070707,43.8290975757576
-90.1986302020202,43.8290975757576
-89.6009696969697,43.8290975757576
-89.0033091919192,43.8290975757576
-88.4056486868687,43.8290975757576
-87.8079881818182,43.8290975757576
-86.0150066666667,43.8290975757576
-85.4173461616162,43.8290975757576
-84.8196856565657,43.8290975757576
-84.2220251515151,43.8290975757576
-83.0267041414141,43.8290975757576
-75.8547780808081,43.8290975757576
-75.2571175757576,43.8290975757576
-74.6594570707071,43.8290975757576
-74.0617965656566,43.8290975757576
-73.4641360606061,43.8290975757576
-72.8664755555556,43.8290975757576
-72.2688150505051,43.8290975757576
-71.6711545454545,43.8290975757576
-71.073494040404,43.8290975757576
-70.4758335353535,43.8290975757576
-99.1635377777778,44.0824843434343
-98.5658772727273,44.0824843434343
-97.9682167676768,44.0824843434343
-97.3705562626263,44.0824843434343
-96.7728957575758,44.0824843434343
-96.1752352525253,44.0824843434343
-95.5775747474747,44.0824843434343
-94.9799142424242,44.0824843434343
-94.3822537373737,44.0824843434343
-93.7845932323232,44.0824843434343
-93.1869327272727,44.0824843434343
-92.5892722222222,44.0824843434343
-91.9916117171717,44.0824843434343
-91.3939512121212,44.0824843434343
-90.7962907070707,44.0824843434343
-90.1986302020202,44.0824843434343
-89.6009696969697,44.0824843434343
-89.0033091919192,44.0824843434343
-88.4056486868687,44.0824843434343
-87.8079881818182,44.0824843434343
-86.0150066666667,44.0824843434343
-85.4173461616162,44.0824843434343
-84.8196856565657,44.0824843434343
-84.2220251515151,44.0824843434343
-83.6243646464646,44.0824843434343
-75.8547780808081,44.0824843434343
-75.2571175757576,44.0824843434343
-74.6594570707071,44.0824843434343
-74.0617965656566,44.0824843434343
-73.4641360606061,44.0824843434343
-72.8664755555556,44.0824843434343
-72.2688150505051,44.0824843434343
-71.6711545454545,44.0824843434343
-71.073494040404,44.0824843434343
-70.4758335353535,44.0824843434343
-69.878173030303,44.0824843434343
-69.2805125252525,44.0824843434343
-99.1635377777778,44.3358711111111
-98.5658772727273,44.3358711111111
-97.9682167676768,44.3358711111111
-97.3705562626263,44.3358711111111
-96.7728957575758,44.3358711111111
-96.1752352525253,44.3358711111111
-95.5775747474747,44.3358711111111
-94.9799142424242,44.3358711111111
-94.3822537373737,44.3358711111111
-93.7845932323232,44.3358711111111
-93.1869327272727,44.3358711111111
-92.5892722222222,44.3358711111111
-91.9916117171717,44.3358711111111
-91.3939512121212,44.3358711111111
-90.7962907070707,44.3358711111111
-90.1986302020202,44.3358711111111
-89.6009696969697,44.3358711111111
-89.0033091919192,44.3358711111111
-88.4056486868687,44.3358711111111
-87.8079881818182,44.3358711111111
-86.0150066666667,44.3358711111111
-85.4173461616162,44.3358711111111
-84.8196856565657,44.3358711111111
-84.2220251515151,44.3358711111111
-83.6243646464646,44.3358711111111
-75.8547780808081,44.3358711111111
-75.2571175757576,44.3358711111111
-74.6594570707071,44.3358711111111
-74.0617965656566,44.3358711111111
-73.4641360606061,44.3358711111111
-72.8664755555556,44.3358711111111
-72.2688150505051,44.3358711111111
-71.6711545454545,44.3358711111111
-71.073494040404,44.3358711111111
-70.4758335353535,44.3358711111111
-69.878173030303,44.3358711111111
-69.2805125252525,44.3358711111111
-68.682852020202,44.3358711111111
-99.1635377777778,44.5892578787879
-98.5658772727273,44.5892578787879
-97.9682167676768,44.5892578787879
-97.3705562626263,44.5892578787879
-96.7728957575758,44.5892578787879
-96.1752352525253,44.5892578787879
-95.5775747474747,44.5892578787879
-94.9799142424242,44.5892578787879
-94.3822537373737,44.5892578787879
-93.7845932323232,44.5892578787879
-93.1869327272727,44.5892578787879
-92.5892722222222,44.5892578787879
-91.9916117171717,44.5892578787879
-91.3939512121212,44.5892578787879
-90.7962907070707,44.5892578787879
-90.1986302020202,44.5892578787879
-89.6009696969697,44.5892578787879
-89.0033091919192,44.5892578787879
-88.4056486868687,44.5892578787879
-87.8079881818182,44.5892578787879
-86.0150066666667,44.5892578787879
-85.4173461616162,44.5892578787879
-84.8196856565657,44.5892578787879
-84.2220251515151,44.5892578787879
-83.6243646464646,44.5892578787879
-75.2571175757576,44.5892578787879
-74.6594570707071,44.5892578787879
-74.0617965656566,44.5892578787879
-73.4641360606061,44.5892578787879
-72.8664755555556,44.5892578787879
-72.2688150505051,44.5892578787879
-71.6711545454545,44.5892578787879
-71.073494040404,44.5892578787879
-70.4758335353535,44.5892578787879
-69.878173030303,44.5892578787879
-69.2805125252525,44.5892578787879
-68.682852020202,44.5892578787879
-68.0851915151515,44.5892578787879
-99.1635377777778,44.8426446464646
-98.5658772727273,44.8426446464646
-97.9682167676768,44.8426446464646
-97.3705562626263,44.8426446464646
-96.7728957575758,44.8426446464646
-96.1752352525253,44.8426446464646
-95.5775747474747,44.8426446464646
-94.9799142424242,44.8426446464646
-94.3822537373737,44.8426446464646
-93.7845932323232,44.8426446464646
-93.1869327272727,44.8426446464646
-92.5892722222222,44.8426446464646
-91.9916117171717,44.8426446464646
-91.3939512121212,44.8426446464646
-90.7962907070707,44.8426446464646
-90.1986302020202,44.8426446464646
-89.6009696969697,44.8426446464646
-89.0033091919192,44.8426446464646
-88.4056486868687,44.8426446464646
-86.0150066666667,44.8426446464646
-85.4173461616162,44.8426446464646
-84.8196856565657,44.8426446464646
-84.2220251515151,44.8426446464646
-83.6243646464646,44.8426446464646
-74.6594570707071,44.8426446464646
-74.0617965656566,44.8426446464646
-73.4641360606061,44.8426446464646
-72.8664755555556,44.8426446464646
-72.2688150505051,44.8426446464646
-71.6711545454545,44.8426446464646
-71.073494040404,44.8426446464646
-70.4758335353535,44.8426446464646
-69.878173030303,44.8426446464646
-69.2805125252525,44.8426446464646
-68.682852020202,44.8426446464646
-68.0851915151515,44.8426446464646
-67.487531010101,44.8426446464646
-99.1635377777778,45.0960314141414
-98.5658772727273,45.0960314141414
-97.9682167676768,45.0960314141414
-97.3705562626263,45.0960314141414
-96.7728957575758,45.0960314141414
-96.1752352525253,45.0960314141414
-95.5775747474747,45.0960314141414
-94.9799142424242,45.0960314141414
-94.3822537373737,45.0960314141414
-93.7845932323232,45.0960314141414
-93.1869327272727,45.0960314141414
-92.5892722222222,45.0960314141414
-91.9916117171717,45.0960314141414
-91.3939512121212,45.0960314141414
-90.7962907070707,45.0960314141414
-90.1986302020202,45.0960314141414
-89.6009696969697,45.0960314141414
-89.0033091919192,45.0960314141414
-88.4056486868687,45.0960314141414
-87.8079881818182,45.0960314141414
-87.2103276767677,45.0960314141414
-84.8196856565657,45.0960314141414
-84.2220251515151,45.0960314141414
-83.6243646464646,45.0960314141414
-71.073494040404,45.0960314141414
-70.4758335353535,45.0960314141414
-69.878173030303,45.0960314141414
-69.2805125252525,45.0960314141414
-68.682852020202,45.0960314141414
-68.0851915151515,45.0960314141414
-67.487531010101,45.0960314141414
-99.1635377777778,45.3494181818182
-98.5658772727273,45.3494181818182
-97.9682167676768,45.3494181818182
-97.3705562626263,45.3494181818182
-96.7728957575758,45.3494181818182
-96.1752352525253,45.3494181818182
-95.5775747474747,45.3494181818182
-94.9799142424242,45.3494181818182
-94.3822537373737,45.3494181818182
-93.7845932323232,45.3494181818182
-93.1869327272727,45.3494181818182
-92.5892722222222,45.3494181818182
-91.9916117171717,45.3494181818182
-91.3939512121212,45.3494181818182
-90.7962907070707,45.3494181818182
-90.1986302020202,45.3494181818182
-89.6009696969697,45.3494181818182
-89.0033091919192,45.3494181818182
-88.4056486868687,45.3494181818182
-87.8079881818182,45.3494181818182
-84.8196856565657,45.3494181818182
-84.2220251515151,45.3494181818182
-83.6243646464646,45.3494181818182
-70.4758335353535,45.3494181818182
-69.878173030303,45.3494181818182
-69.2805125252525,45.3494181818182
-68.682852020202,45.3494181818182
-68.0851915151515,45.3494181818182
-67.487531010101,45.3494181818182
-99.1635377777778,45.602804949495
-98.5658772727273,45.602804949495
-97.9682167676768,45.602804949495
-97.3705562626263,45.602804949495
-96.7728957575758,45.602804949495
-96.1752352525253,45.602804949495
-95.5775747474747,45.602804949495
-94.9799142424242,45.602804949495
-94.3822537373737,45.602804949495
-93.7845932323232,45.602804949495
-93.1869327272727,45.602804949495
-92.5892722222222,45.602804949495
-91.9916117171717,45.602804949495
-91.3939512121212,45.602804949495
-90.7962907070707,45.602804949495
-90.1986302020202,45.602804949495
-89.6009696969697,45.602804949495
-89.0033091919192,45.602804949495
-88.4056486868687,45.602804949495
-87.8079881818182,45.602804949495
-84.8196856565657,45.602804949495
-84.2220251515151,45.602804949495
-70.4758335353535,45.602804949495
-69.878173030303,45.602804949495
-69.2805125252525,45.602804949495
-68.682852020202,45.602804949495
-68.0851915151515,45.602804949495
-99.1635377777778,45.8561917171717
-98.5658772727273,45.8561917171717
-97.9682167676768,45.8561917171717
-97.3705562626263,45.8561917171717
-96.7728957575758,45.8561917171717
-96.1752352525253,45.8561917171717
-95.5775747474747,45.8561917171717
-94.9799142424242,45.8561917171717
-94.3822537373737,45.8561917171717
-93.7845932323232,45.8561917171717
-93.1869327272727,45.8561917171717
-92.5892722222222,45.8561917171717
-91.9916117171717,45.8561917171717
-91.3939512121212,45.8561917171717
-90.7962907070707,45.8561917171717
-90.1986302020202,45.8561917171717
-89.6009696969697,45.8561917171717
-89.0033091919192,45.8561917171717
-88.4056486868687,45.8561917171717
-87.8079881818182,45.8561917171717
-87.2103276767677,45.8561917171717
-86.6126671717172,45.8561917171717
-69.878173030303,45.8561917171717
-69.2805125252525,45.8561917171717
-68.682852020202,45.8561917171717
-68.0851915151515,45.8561917171717
-99.1635377777778,46.1095784848485
-98.5658772727273,46.1095784848485
-97.9682167676768,46.1095784848485
-97.3705562626263,46.1095784848485
-96.7728957575758,46.1095784848485
-96.1752352525253,46.1095784848485
-95.5775747474747,46.1095784848485
-94.9799142424242,46.1095784848485
-94.3822537373737,46.1095784848485
-93.7845932323232,46.1095784848485
-93.1869327272727,46.1095784848485
-92.5892722222222,46.1095784848485
-91.9916117171717,46.1095784848485
-91.3939512121212,46.1095784848485
-90.7962907070707,46.1095784848485
-90.1986302020202,46.1095784848485
-89.6009696969697,46.1095784848485
-89.0033091919192,46.1095784848485
-88.4056486868687,46.1095784848485
-87.8079881818182,46.1095784848485
-87.2103276767677,46.1095784848485
-86.6126671717172,46.1095784848485
-86.0150066666667,46.1095784848485
-85.4173461616162,46.1095784848485
-84.8196856565657,46.1095784848485
-84.2220251515151,46.1095784848485
-69.878173030303,46.1095784848485
-69.2805125252525,46.1095784848485
-68.682852020202,46.1095784848485
-68.0851915151515,46.1095784848485
-99.1635377777778,46.3629652525253
-98.5658772727273,46.3629652525253
-97.9682167676768,46.3629652525253
-97.3705562626263,46.3629652525253
-96.7728957575758,46.3629652525253
-96.1752352525253,46.3629652525253
-95.5775747474747,46.3629652525253
-94.9799142424242,46.3629652525253
-94.3822537373737,46.3629652525253
-93.7845932323232,46.3629652525253
-93.1869327272727,46.3629652525253
-92.5892722222222,46.3629652525253
-91.9916117171717,46.3629652525253
-91.3939512121212,46.3629652525253
-90.7962907070707,46.3629652525253
-90.1986302020202,46.3629652525253
-89.6009696969697,46.3629652525253
-89.0033091919192,46.3629652525253
-88.4056486868687,46.3629652525253
-87.8079881818182,46.3629652525253
-87.2103276767677,46.3629652525253
-86.6126671717172,46.3629652525253
-86.0150066666667,46.3629652525253
-85.4173461616162,46.3629652525253
-84.8196856565657,46.3629652525253
-69.878173030303,46.3629652525253
-69.2805125252525,46.3629652525253
-68.682852020202,46.3629652525253
-68.0851915151515,46.3629652525253
-99.1635377777778,46.616352020202
-98.5658772727273,46.616352020202
-97.9682167676768,46.616352020202
-97.3705562626263,46.616352020202
-96.7728957575758,46.616352020202
-96.1752352525253,46.616352020202
-95.5775747474747,46.616352020202
-94.9799142424242,46.616352020202
-94.3822537373737,46.616352020202
-93.7845932323232,46.616352020202
-93.1869327272727,46.616352020202
-92.5892722222222,46.616352020202
-91.9916117171717,46.616352020202
-91.3939512121212,46.616352020202
-90.7962907070707,46.616352020202
-90.1986302020202,46.616352020202
-89.6009696969697,46.616352020202
-89.0033091919192,46.616352020202
-88.4056486868687,46.616352020202
-87.8079881818182,46.616352020202
-86.0150066666667,46.616352020202
-85.4173461616162,46.616352020202
-69.878173030303,46.616352020202
-69.2805125252525,46.616352020202
-68.682852020202,46.616352020202
-68.0851915151515,46.616352020202
-99.1635377777778,46.8697387878788
-98.5658772727273,46.8697387878788
-97.9682167676768,46.8697387878788
-97.3705562626263,46.8697387878788
-96.7728957575758,46.8697387878788
-96.1752352525253,46.8697387878788
-95.5775747474747,46.8697387878788
-94.9799142424242,46.8697387878788
-94.3822537373737,46.8697387878788
-93.7845932323232,46.8697387878788
-93.1869327272727,46.8697387878788
-92.5892722222222,46.8697387878788
-91.9916117171717,46.8697387878788
-90.7962907070707,46.8697387878788
-89.0033091919192,46.8697387878788
-87.8079881818182,46.8697387878788
-69.2805125252525,46.8697387878788
-68.682852020202,46.8697387878788
-68.0851915151515,46.8697387878788
-99.1635377777778,47.1231255555556
-98.5658772727273,47.1231255555556
-97.9682167676768,47.1231255555556
-97.3705562626263,47.1231255555556
-96.7728957575758,47.1231255555556
-96.1752352525253,47.1231255555556
-95.5775747474747,47.1231255555556
-94.9799142424242,47.1231255555556
-94.3822537373737,47.1231255555556
-93.7845932323232,47.1231255555556
-93.1869327272727,47.1231255555556
-92.5892722222222,47.1231255555556
-91.9916117171717,47.1231255555556
-88.4056486868687,47.1231255555556
-69.2805125252525,47.1231255555556
-68.682852020202,47.1231255555556
-68.0851915151515,47.1231255555556
-99.1635377777778,47.3765123232323
-98.5658772727273,47.3765123232323
-97.9682167676768,47.3765123232323
-97.3705562626263,47.3765123232323
-96.7728957575758,47.3765123232323
-96.1752352525253,47.3765123232323
-95.5775747474747,47.3765123232323
-94.9799142424242,47.3765123232323
-94.3822537373737,47.3765123232323
-93.7845932323232,47.3765123232323
-93.1869327272727,47.3765123232323
-92.5892722222222,47.3765123232323
-91.9916117171717,47.3765123232323
-91.3939512121212,47.3765123232323
-69.2805125252525,47.3765123232323
-99.1635377777778,47.6298990909091
-98.5658772727273,47.6298990909091
-97.9682167676768,47.6298990909091
-97.3705562626263,47.6298990909091
-96.7728957575758,47.6298990909091
-96.1752352525253,47.6298990909091
-95.5775747474747,47.6298990909091
-94.9799142424242,47.6298990909091
-94.3822537373737,47.6298990909091
-93.7845932323232,47.6298990909091
-93.1869327272727,47.6298990909091
-92.5892722222222,47.6298990909091
-91.9916117171717,47.6298990909091
-91.3939512121212,47.6298990909091
-90.7962907070707,47.6298990909091
-99.1635377777778,47.8832858585859
-98.5658772727273,47.8832858585859
-97.9682167676768,47.8832858585859
-97.3705562626263,47.8832858585859
-96.7728957575758,47.8832858585859
-96.1752352525253,47.8832858585859
-95.5775747474747,47.8832858585859
-94.9799142424242,47.8832858585859
-94.3822537373737,47.8832858585859
-93.7845932323232,47.8832858585859
-93.1869327272727,47.8832858585859
-92.5892722222222,47.8832858585859
-91.9916117171717,47.8832858585859
-91.3939512121212,47.8832858585859
-90.7962907070707,47.8832858585859
-90.1986302020202,47.8832858585859
-89.0033091919192,47.8832858585859
-99.1635377777778,48.1366726262626
-98.5658772727273,48.1366726262626
-97.9682167676768,48.1366726262626
-97.3705562626263,48.1366726262626
-96.7728957575758,48.1366726262626
-96.1752352525253,48.1366726262626
-95.5775747474747,48.1366726262626
-94.9799142424242,48.1366726262626
-94.3822537373737,48.1366726262626
-93.7845932323232,48.1366726262626
-93.1869327272727,48.1366726262626
-92.5892722222222,48.1366726262626
-91.9916117171717,48.1366726262626
-90.7962907070707,48.1366726262626
-99.1635377777778,48.3900593939394
-98.5658772727273,48.3900593939394
-97.9682167676768,48.3900593939394
-97.3705562626263,48.3900593939394
-96.7728957575758,48.3900593939394
-96.1752352525253,48.3900593939394
-95.5775747474747,48.3900593939394
-94.9799142424242,48.3900593939394
-94.3822537373737,48.3900593939394
-93.7845932323232,48.3900593939394
-93.1869327272727,48.3900593939394
-92.5892722222222,48.3900593939394
-99.1635377777778,48.6434461616162
-98.5658772727273,48.6434461616162
-97.9682167676768,48.6434461616162
-97.3705562626263,48.6434461616162
-96.7728957575758,48.6434461616162
-96.1752352525253,48.6434461616162
-95.5775747474747,48.6434461616162
-94.9799142424242,48.6434461616162
-94.3822537373737,48.6434461616162
-99.1635377777778,48.8968329292929
-98.5658772727273,48.8968329292929
-97.9682167676768,48.8968329292929
-97.3705562626263,48.8968329292929
-96.7728957575758,48.8968329292929
-96.1752352525253,48.8968329292929
-95.5775747474747,48.8968329292929
-94.9799142424242,48.8968329292929
-94.9799142424242,49.1502196969697
